Date,steel_rebar,usd_mxn,coal,iron_ore,hot_rolled_coil
2021-01-04,656.0,,,,
2021-01-05,662.0,,,,
2021-01-06,651.0,,,,
2021-01-07,658.0,,,,
2021-01-08,660.0,,,,
2021-01-11,646.5,,,,
2021-01-12,633.5,,,,
2021-01-13,634.0,,,,
2021-01-14,643.5,,,,
2021-01-15,638.0,,,,
2021-01-18,640.0,,,,
2021-01-19,637.0,,,,
2021-01-20,631.5,,,,
2021-01-21,634.0,,,,
2021-01-22,632.0,,,,
2021-01-25,635.0,,,,
2021-01-26,633.0,,,,
2021-01-27,631.0,,,,
2021-01-28,631.0,,,,
2021-01-29,629.6,,,,
2021-02-01,563.0,,,,
2021-02-02,579.5,,,,
2021-02-03,580.0,,,,
2021-02-04,598.0,,,,
2021-02-05,597.5,,,,
2021-02-08,600.0,,,,
2021-02-09,598.0,,,,
2021-02-10,599.0,,,,
2021-02-11,601.5,,,,
2021-02-12,607.0,,,,
2021-02-15,614.0,,,,
2021-02-16,615.0,,,,
2021-02-17,606.0,,,,
2021-02-18,604.0,,,,
2021-02-19,604.0,,,,
2021-02-22,602.5,,,,
2021-02-23,610.0,,,,
2021-02-24,609.0,,,,
2021-02-25,607.5,,,,
2021-02-26,605.43,,,,
2021-03-01,656.5,,,,
2021-03-02,652.0,,,,
2021-03-03,650.0,,,,
2021-03-04,648.0,,,,
2021-03-05,643.5,,,,
2021-03-08,641.0,,,,
2021-03-09,638.0,,,,
2021-03-10,630.5,,,,
2021-03-11,630.5,,,,
2021-03-12,629.0,,,,
2021-03-15,634.0,,,,
2021-03-16,632.0,,,,
2021-03-17,627.5,,,,
2021-03-18,628.5,,,,
2021-03-19,624.5,,,,
2021-03-22,622.0,,,,
2021-03-23,626.5,,,,
2021-03-24,626.5,,,,
2021-03-25,626.0,,,,
2021-03-26,631.0,,,,
2021-03-29,633.0,,,,
2021-03-30,632.0,,,,
2021-03-31,628.22,,,,
2021-04-01,643.0,,,,
2021-04-06,650.0,,,,
2021-04-07,641.0,,,,
2021-04-08,636.0,,,,
2021-04-09,639.5,,,,
2021-04-12,636.0,,,,
2021-04-13,635.0,,,,
2021-04-14,639.0,,,,
2021-04-15,636.5,,,,
2021-04-16,641.0,,,,
2021-04-19,637.5,,,,
2021-04-20,637.5,,,,
2021-04-21,637.5,,,,
2021-04-22,638.0,,,,
2021-04-23,637.5,,,,
2021-04-26,639.5,,,,
2021-04-27,641.0,,,,
2021-04-28,640.0,,,,
2021-04-29,642.5,,,,
2021-04-30,639.28,,,,
2021-05-04,696.5,,,,
2021-05-05,710.0,,,,
2021-05-06,730.0,,,,
2021-05-07,710.0,,,,
2021-05-10,750.0,,,,
2021-05-11,750.0,,,,
2021-05-12,794.0,,,,
2021-05-13,780.5,,,,
2021-05-14,775.0,,,,
2021-05-17,769.5,,,,
2021-05-18,771.5,,,,
2021-05-19,756.0,,,,
2021-05-20,752.0,,,,
2021-05-21,742.0,,,,
2021-05-24,748.5,,,,
2021-05-25,745.0,,,,
2021-05-26,746.0,,,,
2021-05-27,744.0,,,,
2021-05-28,744.21,,,,
2021-06-01,755.0,,,,
2021-06-02,755.0,,,,
2021-06-03,755.0,,,,
2021-06-04,755.0,,,,
2021-06-07,715.0,,,,
2021-06-08,715.0,,,,
2021-06-09,715.0,,,,
2021-06-10,715.0,,,,
2021-06-11,715.0,,,,
2021-06-14,715.0,,,,
2021-06-15,720.0,,,,
2021-06-16,725.0,,,,
2021-06-17,725.0,,,,
2021-06-18,725.0,,,,
2021-06-21,725.0,,,,
2021-06-22,725.0,,,,
2021-06-23,725.0,,,,
2021-06-24,725.0,,,,
2021-06-25,738.0,,,,
2021-06-28,735.0,,,,
2021-06-29,730.0,,,,
2021-06-30,726.48,,,,
2021-07-01,737.5,,,,
2021-07-02,736.0,,,,
2021-07-05,741.5,,,,
2021-07-06,742.0,,,,
2021-07-07,745.0,,,,
2021-07-08,740.0,,,,
2021-07-09,736.5,,,,
2021-07-12,753.0,,,,
2021-07-13,727.0,,,,
2021-07-14,727.0,,,,
2021-07-15,727.0,,,,
2021-07-16,724.0,,,,
2021-07-19,726.0,,,,
2021-07-20,725.0,,,,
2021-07-21,729.0,,,,
2021-07-22,731.5,,,,
2021-07-23,726.5,,,,
2021-07-26,724.0,,,,
2021-07-27,724.0,,,,
2021-07-28,722.5,,,,
2021-07-29,723.0,,,,
2021-07-30,720.57,,,,
2021-08-02,719.0,,,,
2021-08-03,708.5,,,,
2021-08-04,710.0,,,,
2021-08-05,706.0,,,,
2021-08-06,694.5,,,,
2021-08-09,698.0,,,,
2021-08-10,694.5,,,,
2021-08-11,696.5,,,,
2021-08-12,696.5,,,,
2021-08-13,696.5,,,,
2021-08-16,692.5,,,,
2021-08-17,692.5,,,,
2021-08-18,692.5,,,,
2021-08-19,692.5,,,,
2021-08-20,692.5,,,,
2021-08-23,690.0,,,,
2021-08-24,690.0,,,,
2021-08-25,690.0,,,,
2021-08-26,688.0,,,,
2021-08-27,687.5,,,,
2021-08-31,688.07,,,,
2021-09-01,671.5,,,,
2021-09-02,668.0,,,,
2021-09-03,671.5,,,,
2021-09-06,671.5,,,,
2021-09-07,668.5,,,,
2021-09-08,667.5,,,,
2021-09-09,676.5,,,,
2021-09-10,685.0,,,,
2021-09-13,679.0,,,,
2021-09-14,664.0,,,,
2021-09-15,660.0,,,,
2021-09-16,660.0,,,,
2021-09-17,669.0,,,,
2021-09-20,661.0,,,,
2021-09-21,667.5,,,,
2021-09-22,674.0,,,,
2021-09-23,667.0,,,,
2021-09-24,668.0,,,,
2021-09-27,670.0,,,,
2021-09-28,665.0,,,,
2021-09-29,665.0,,,,
2021-09-30,665.32,,,,
2021-10-01,681.0,,,,
2021-10-04,690.5,,,,
2021-10-05,700.0,,,,
2021-10-06,691.5,,,,
2021-10-07,700.0,,,,
2021-10-08,700.0,,,,
2021-10-11,712.0,,,,
2021-10-12,707.0,,,,
2021-10-13,714.0,,,,
2021-10-14,714.0,,,,
2021-10-15,711.5,,,,
2021-10-18,711.5,,,,
2021-10-19,714.5,,,,
2021-10-20,714.5,,,,
2021-10-21,714.5,,,,
2021-10-22,727.5,,,,
2021-10-25,714.0,,,,
2021-10-26,710.0,,,,
2021-10-27,710.0,,,,
2021-10-28,710.0,,,,
2021-10-29,709.17,,,,
2021-11-01,722.5,,,,
2021-11-02,731.5,,,,
2021-11-03,732.0,,,,
2021-11-04,733.0,,,,
2021-11-05,738.0,,,,
2021-11-08,731.0,,,,
2021-11-09,718.0,,,,
2021-11-10,717.0,,,,
2021-11-11,730.0,,,,
2021-11-12,712.0,,,,
2021-11-15,722.0,,,,
2021-11-16,706.0,,,,
2021-11-17,722.0,,,,
2021-11-18,717.0,,,,
2021-11-19,729.0,,,,
2021-11-22,722.0,,,,
2021-11-23,726.0,,,,
2021-11-24,726.0,,,,
2021-11-25,730.5,,,,
2021-11-26,728.5,,,,
2021-11-29,728.0,,,,
2021-11-30,728.75,,,,
2021-12-01,703.0,,,,
2021-12-02,690.0,,,,
2021-12-03,685.5,,,,
2021-12-06,703.5,,,,
2021-12-07,712.5,,,,
2021-12-08,707.5,,,,
2021-12-09,703.0,,,,
2021-12-10,697.0,,,,
2021-12-13,701.0,,,,
2021-12-14,694.5,,,,
2021-12-15,696.5,,,,
2021-12-16,692.0,,,,
2021-12-17,698.0,,,,
2021-12-20,691.5,,,,
2021-12-21,695.0,,,,
2021-12-22,696.0,,,,
2021-12-23,698.0,,,,
2021-12-24,696.5,,,,
2021-12-29,698.0,,,,
2021-12-30,698.5,,,,
2021-12-31,699.36,,,,
2022-01-04,689.0,,,,
2022-01-05,705.0,,,,
2022-01-06,707.5,,,,
2022-01-07,715.0,,,,
2022-01-10,707.0,,,,
2022-01-11,712.5,,,,
2022-01-12,708.0,,,,
2022-01-13,696.0,,,,
2022-01-14,700.0,,,,
2022-01-17,695.5,,,,
2022-01-18,705.5,,,,
2022-01-19,699.5,,,,
2022-01-20,705.0,,,,
2022-01-21,703.5,,,,
2022-01-24,697.0,,,,
2022-01-25,701.5,,,,
2022-01-26,695.0,,,,
2022-01-27,701.0,,,,
2022-01-28,702.0,,,,
2022-01-31,701.45,,,,
2022-02-01,729.0,,,,
2022-02-02,748.0,,,,
2022-02-03,739.0,,,,
2022-02-04,737.0,,,,
2022-02-07,750.0,,,,
2022-02-08,746.5,,,,
2022-02-09,745.0,,,,
2022-02-10,748.0,,,,
2022-02-11,745.5,,,,
2022-02-14,742.5,,,,
2022-02-15,737.0,,,,
2022-02-16,742.5,,,,
2022-02-17,741.0,,,,
2022-02-18,742.5,,,,
2022-02-21,743.5,,,,
2022-02-22,737.5,,,,
2022-02-23,740.0,,,,
2022-02-24,742.0,,,,
2022-02-25,739.0,,,,
2022-02-28,737.78,,,,
2022-03-01,835.0,,,,
2022-03-02,835.0,,,,
2022-03-03,837.5,,,,
2022-03-04,837.5,,,,
2022-03-07,850.0,,,,
2022-03-08,940.0,,,,
2022-03-09,950.0,,,,
2022-03-10,920.0,,,,
2022-03-11,925.5,,,,
2022-03-14,899.0,,,,
2022-03-15,925.0,,,,
2022-03-16,928.5,,,,
2022-03-17,925.0,,,,
2022-03-18,920.0,,,,
2022-03-21,925.0,,,,
2022-03-22,920.0,,,,
2022-03-23,926.0,,,,
2022-03-24,925.0,,,,
2022-03-25,926.5,,,,
2022-03-28,924.5,,,,
2022-03-29,922.5,,,,
2022-03-30,924.0,,,,
2022-03-31,925.33,,,,
2022-04-01,942.0,,,,
2022-04-04,942.0,,,,
2022-04-05,942.0,,,,
2022-04-06,942.0,,,,
2022-04-07,942.5,,,,
2022-04-08,942.5,,,,
2022-04-11,942.5,,,,
2022-04-12,943.0,,,,
2022-04-13,938.0,,,,
2022-04-14,942.5,,,,
2022-04-19,950.0,,,,
2022-04-20,944.5,,,,
2022-04-21,936.5,,,,
2022-04-22,934.0,,,,
2022-04-25,930.0,,,,
2022-04-26,935.0,,,,
2022-04-27,935.0,,,,
2022-04-28,935.5,,,,
2022-04-29,935.79,,,,
2022-05-03,839.5,,,,
2022-05-04,850.0,,,,
2022-05-05,860.5,,,,
2022-05-06,840.0,,,,
2022-05-09,822.0,,,,
2022-05-10,815.5,,,,
2022-05-11,814.5,,,,
2022-05-12,799.5,,,,
2022-05-13,801.0,,,,
2022-05-16,804.5,,,,
2022-05-17,802.5,,,,
2022-05-18,802.5,,,,
2022-05-19,795.0,,,,
2022-05-20,790.0,,,,
2022-05-23,800.0,,,,
2022-05-24,800.0,,,,
2022-05-25,806.0,,,,
2022-05-26,805.0,,,,
2022-05-27,804.5,,,,
2022-05-30,804.5,,,,
2022-05-31,803.21,,,,
2022-06-01,740.0,,,,
2022-06-06,740.0,,,,
2022-06-07,740.0,,,,
2022-06-08,730.5,,,,
2022-06-09,725.0,,,,
2022-06-10,715.0,,,,
2022-06-13,715.0,,,,
2022-06-14,708.0,,,,
2022-06-15,700.5,,,,
2022-06-16,698.0,,,,
2022-06-17,692.5,,,,
2022-06-20,688.0,,,,
2022-06-21,692.5,,,,
2022-06-22,684.0,,,,
2022-06-23,684.5,,,,
2022-06-24,678.5,,,,
2022-06-27,687.0,,,,
2022-06-28,689.5,,,,
2022-06-29,692.5,,,,
2022-06-30,692.38,,,,
2022-07-01,669.0,,,,
2022-07-04,675.0,,,,
2022-07-05,675.0,,,,
2022-07-06,685.0,,,,
2022-07-07,692.5,,,,
2022-07-08,685.0,,,,
2022-07-11,680.0,,,,
2022-07-12,682.5,,,,
2022-07-13,682.5,,,,
2022-07-14,682.5,,,,
2022-07-15,682.5,,,,
2022-07-18,682.5,,,,
2022-07-19,682.5,,,,
2022-07-20,682.5,,,,
2022-07-21,682.5,,,,
2022-07-22,682.5,,,,
2022-07-25,682.5,,,,
2022-07-26,685.0,,,,
2022-07-27,682.5,,,,
2022-07-28,682.5,,,,
2022-07-29,680.71,,,,
2022-08-01,628.5,,,,
2022-08-02,625.0,,,,
2022-08-03,637.0,,,,
2022-08-04,631.5,,,,
2022-08-05,641.0,,,,
2022-08-08,650.0,,,,
2022-08-09,660.5,,,,
2022-08-10,659.0,,,,
2022-08-11,652.5,,,,
2022-08-12,660.0,,,,
2022-08-15,645.0,,,,
2022-08-16,645.0,,,,
2022-08-17,640.5,,,,
2022-08-18,645.0,,,,
2022-08-19,642.0,,,,
2022-08-22,641.0,,,,
2022-08-23,638.5,,,,
2022-08-24,645.5,,,,
2022-08-25,645.0,,,,
2022-08-26,643.0,,,,
2022-08-30,644.0,,,,
2022-08-31,643.64,,,,
2022-09-01,655.0,,,,
2022-09-02,670.0,,,,
2022-09-05,669.5,,,,
2022-09-06,668.0,,,,
2022-09-07,675.0,,,,
2022-09-09,674.5,,,,
2022-09-12,670.0,,,,
2022-09-13,660.0,,,,
2022-09-14,664.0,,,,
2022-09-15,663.0,,,,
2022-09-16,665.0,,,,
2022-09-19,665.0,,,,
2022-09-20,666.0,,,,
2022-09-21,669.0,,,,
2022-09-22,671.0,,,,
2022-09-23,672.0,,,,
2022-09-26,670.5,,,,
2022-09-27,673.0,,,,
2022-09-28,672.5,,,,
2022-09-29,671.0,,,,
2022-09-30,672.74,,,,
2022-10-03,690.0,,,,
2022-10-04,690.0,,,,
2022-10-05,685.0,,,,
2022-10-06,690.0,,,,
2022-10-07,686.0,,,,
2022-10-10,688.0,,,,
2022-10-11,691.5,,,,
2022-10-12,688.56,,,,
2022-10-13,685.0,,,,
2022-10-14,683.0,,,,
2022-10-17,680.0,,,,
2022-10-18,679.0,,,,
2022-10-19,677.5,,,,
2022-10-20,676.0,,,,
2022-10-21,675.0,,,,
2022-10-24,680.5,,,,
2022-10-25,670.0,,,,
2022-10-26,670.0,,,,
2022-10-27,674.0,,,,
2022-10-28,675.0,,,,
2022-10-31,678.14,,,,
2022-11-01,637.0,,,,
2022-11-02,640.0,,,,
2022-11-03,632.0,,,,
2022-11-04,633.0,,,,
2022-11-07,626.5,,,,
2022-11-08,630.0,,,,
2022-11-09,633.5,,,,
2022-11-10,634.5,,,,
2022-11-11,635.5,,,,
2022-11-14,639.0,,,,
2022-11-15,636.0,,,,
2022-11-16,634.0,,,,
2022-11-17,636.5,,,,
2022-11-18,634.5,,,,
2022-11-21,636.0,,,,
2022-11-22,634.5,,,,
2022-11-23,633.5,,,,
2022-11-24,632.5,,,,
2022-11-25,634.5,,,,
2022-11-28,638.0,,,,
2022-11-29,639.5,,,,
2022-11-30,636.89,,,,
2022-12-01,661.5,,,,
2022-12-02,672.5,,,,
2022-12-05,673.0,,,,
2022-12-06,674.0,,,,
2022-12-07,675.0,,,,
2022-12-08,672.5,,,,
2022-12-09,676.5,,,,
2022-12-12,671.0,,,,
2022-12-13,668.5,,,,
2022-12-14,669.5,,,,
2022-12-15,671.0,,,,
2022-12-16,666.5,,,,
2022-12-19,665.0,,,,
2022-12-20,661.5,,,,
2022-12-21,660.5,,,,
2022-12-22,662.5,,,,
2022-12-23,667.0,,,,
2022-12-28,673.0,,,,
2022-12-29,665.5,,,,
2022-12-30,664.93,,,,
2023-01-03,683.0,,,,
2023-01-04,688.0,,,,
2023-01-05,694.0,,,,
2023-01-06,699.0,,,,
2023-01-09,694.5,,,,
2023-01-10,691.5,,,,
2023-01-11,690.5,,,,
2023-01-12,685.0,,,,
2023-01-13,687.5,,,,
2023-01-16,680.0,,,,
2023-01-17,685.5,,,,
2023-01-18,692.5,,,,
2023-01-19,690.5,,,,
2023-01-20,685.0,,,,
2023-01-23,681.0,,,,
2023-01-24,685.5,,,,
2023-01-25,691.0,,,,
2023-01-26,691.0,,,,
2023-01-27,690.0,,,,
2023-01-30,688.0,,,,
2023-01-31,688.74,,,,
2023-02-01,702.0,,,,
2023-02-02,704.5,,,,
2023-02-03,711.0,,,,
2023-02-06,704.0,,,,
2023-02-07,710.0,,,,
2023-02-08,709.0,,,,
2023-02-09,711.0,,,,
2023-02-10,707.0,,,,
2023-02-13,709.5,,,,
2023-02-14,707.0,,,,
2023-02-15,710.5,,,,
2023-02-16,712.0,,,,
2023-02-17,707.5,,,,
2023-02-20,709.0,,,,
2023-02-21,700.0,,,,
2023-02-22,705.0,,,,
2023-02-23,709.0,,,,
2023-02-24,699.0,,,,
2023-02-27,706.0,,,,
2023-02-28,706.88,,,,
2023-03-01,759.0,,,,
2023-03-02,751.5,,,,
2023-03-03,741.5,,,,
2023-03-06,747.0,,,,
2023-03-07,749.0,,,,
2023-03-08,744.0,,,,
2023-03-09,749.0,,,,
2023-03-10,754.0,,,,
2023-03-13,747.0,,,,
2023-03-14,743.0,,,,
2023-03-15,731.0,,,,
2023-03-16,735.0,,,,
2023-03-17,730.0,,,,
2023-03-20,724.5,,,,
2023-03-21,725.0,,,,
2023-03-22,720.0,,,,
2023-03-23,720.0,,,,
2023-03-24,722.5,,,,
2023-03-27,725.0,,,,
2023-03-28,724.0,,,,
2023-03-29,723.0,,,,
2023-03-30,721.5,,,,
2023-03-31,726.93,,,,
2023-04-03,682.0,,,,
2023-04-04,678.5,,,,
2023-04-05,688.0,,,,
2023-04-06,674.0,,,,
2023-04-11,680.0,,,,
2023-04-12,681.0,,,,
2023-04-13,680.0,,,,
2023-04-14,680.0,,,,
2023-04-17,681.5,,,,
2023-04-18,684.0,,,,
2023-04-19,679.0,,,,
2023-04-20,673.0,,,,
2023-04-21,672.0,,,,
2023-04-24,673.0,,,,
2023-04-25,680.0,,,,
2023-04-26,675.0,,,,
2023-04-27,676.5,,,,
2023-04-28,675.42,,,,
2023-05-02,615.0,,,,
2023-05-03,622.5,,,,
2023-05-04,621.0,,,,
2023-05-05,615.0,,,,
2023-05-09,610.0,,,,
2023-05-10,615.0,,,,
2023-05-11,616.0,,,,
2023-05-12,621.0,,,,
2023-05-15,616.0,,,,
2023-05-16,626.0,,,,
2023-05-17,632.5,,,,
2023-05-18,617.0,,,,
2023-05-19,614.5,,,,
2023-05-22,621.5,,,,
2023-05-23,622.0,,,,
2023-05-24,620.0,,,,
2023-05-25,620.0,,,,
2023-05-26,625.0,,,,
2023-05-30,621.5,,,,
2023-05-31,623.18,,,,
2023-06-01,610.0,,,,
2023-06-02,610.5,,,,
2023-06-05,614.5,,,,
2023-06-06,615.0,,,,
2023-06-07,611.0,,,,
2023-06-08,617.5,,,,
2023-06-09,615.5,,,,
2023-06-12,608.0,,,,
2023-06-13,620.5,,,,
2023-06-14,620.5,,,,
2023-06-15,619.5,,,,
2023-06-16,620.0,,,,
2023-06-19,607.5,,,,
2023-06-20,614.5,,,,
2023-06-21,613.5,,,,
2023-06-22,614.5,,,,
2023-06-23,613.5,,,,
2023-06-26,615.0,,,,
2023-06-27,617.5,,,,
2023-06-28,620.5,,,,
2023-06-29,619.0,,,,
2023-06-30,592.0,,,,
2023-07-03,591.5,,,,
2023-07-04,593.0,,,,
2023-07-05,588.0,,,,
2023-07-06,594.5,,,,
2023-07-07,580.0,,,,
2023-07-10,586.5,,,,
2023-07-11,585.5,,,,
2023-07-12,582.5,,,,
2023-07-13,578.0,,,,
2023-07-14,579.5,,,,
2023-07-17,574.5,,,,
2023-07-18,575.0,,,,
2023-07-19,575.0,,,,
2023-07-20,575.5,,,,
2023-07-21,577.0,,,,
2023-07-24,570.0,,,,
2023-07-25,578.5,,,,
2023-07-26,574.5,,,,
2023-07-27,578.5,,,,
2023-07-28,580.5,,,,
2023-07-31,563.5,,,,
2023-08-01,559.0,,,,
2023-08-02,551.5,,,,
2023-08-03,550.0,,,,
2023-08-04,548.5,,,,
2023-08-07,554.0,,,,
2023-08-08,550.0,,,,
2023-08-09,555.0,,,,
2023-08-10,555.0,,,,
2023-08-11,557.5,,,,
2023-08-14,555.0,,,,
2023-08-15,563.0,,,,
2023-08-16,564.0,,,,
2023-08-17,564.0,,,,
2023-08-18,562.5,,,,
2023-08-21,560.5,,,,
2023-08-22,558.5,,,,
2023-08-23,561.0,,,,
2023-08-24,556.0,,,,
2023-08-25,561.0,,,,
2023-08-29,558.5,,,,
2023-08-30,568.5,,,,
2023-08-31,564.5,,,,
2023-09-01,559.0,,,,
2023-09-04,559.5,,,,
2023-09-05,562.0,,,,
2023-09-06,559.5,,,,
2023-09-07,560.5,,,,
2023-09-08,560.5,,,,
2023-09-11,565.0,,,,
2023-09-12,572.0,,,,
2023-09-13,570.0,,,,
2023-09-14,570.5,,,,
2023-09-15,572.5,,,,
2023-09-18,565.0,,,,
2023-09-19,566.0,,,,
2023-09-20,567.0,,,,
2023-09-21,567.0,,,,
2023-09-22,570.0,,,,
2023-09-25,560.0,,,,
2023-09-26,562.0,,,,
2023-09-27,566.5,,,,
2023-09-28,565.0,,,,
2023-09-29,573.0,,,,
2023-10-02,569.0,,,,
2023-10-03,570.0,,,,
2023-10-04,572.0,,,,
2023-10-05,569.5,,,,
2023-10-06,571.0,,,,
2023-10-09,573.0,,,,
2023-10-10,567.0,,,,
2023-10-11,567.0,,,,
2023-10-12,562.0,,,,
2023-10-13,560.0,,,,
2023-10-16,560.5,,,,
2023-10-17,556.5,,,,
2023-10-18,560.0,,,,
2023-10-19,558.0,,,,
2023-10-20,557.0,,,,
2023-10-23,554.5,,,,
2023-10-24,553.0,,,,
2023-10-25,555.0,,,,
2023-10-26,559.0,,,,
2023-10-27,561.0,,,,
2023-10-30,555.0,,,,
2023-10-31,566.0,,,,
2023-11-01,565.0,,,,
2023-11-02,560.0,,,,
2023-11-03,559.5,,,,
2023-11-06,562.0,,,,
2023-11-07,567.0,,,,
2023-11-08,569.0,,,,
2023-11-09,565.0,,,,
2023-11-10,567.0,,,,
2023-11-13,565.0,,,,
2023-11-14,569.0,,,,
2023-11-15,565.5,,,,
2023-11-16,566.0,,,,
2023-11-17,566.0,,,,
2023-11-20,566.0,,,,
2023-11-21,566.0,,,,
2023-11-22,570.0,,,,
2023-11-23,570.0,,,,
2023-11-24,569.5,,,,
2023-11-27,568.5,,,,
2023-11-28,568.5,,,,
2023-11-29,573.0,,,,
2023-11-30,594.0,,,,
2023-12-01,599.0,,,,
2023-12-04,603.0,,,,
2023-12-05,599.0,,,,
2023-12-06,608.0,,,,
2023-12-07,608.0,,,,
2023-12-08,609.0,,,,
2023-12-11,607.0,,,,
2023-12-12,605.0,,,,
2023-12-13,604.5,,,,
2023-12-14,605.0,,,,
2023-12-15,600.0,,,,
2023-12-18,604.5,,,,
2023-12-19,600.5,,,,
2023-12-20,604.5,,,,
2023-12-21,599.5,,,,
2023-12-22,598.0,,,,
2023-12-27,601.5,,,,
2023-12-28,604.0,,,,
2023-12-29,600.0,,,,
2024-01-02,597.5,,,,
2024-01-03,595.0,,,,
2024-01-04,596.0,,,,
2024-01-05,594.5,,,,
2024-01-08,602.0,,,,
2024-01-09,600.0,,,,
2024-01-10,599.0,,,,
2024-01-11,602.5,,,,
2024-01-12,598.0,,,,
2024-01-15,601.0,,,,
2024-01-16,599.5,,,,
2024-01-17,605.0,,,,
2024-01-18,605.5,,,,
2024-01-19,602.0,,,,
2024-01-22,606.0,,,,
2024-01-23,610.0,,,,
2024-01-24,613.0,24.73553466796875,24.73553466796875,24.73553466796875,24.73553466796875
2024-01-25,610.0,24.499866485595703,24.499866485595703,24.499866485595703,24.499866485595703
2024-01-26,608.5,24.606897354125977,24.606897354125977,24.606897354125977,24.606897354125977
2024-01-29,613.0,24.77873992919922,24.77873992919922,24.77873992919922,24.77873992919922
2024-01-30,608.5,24.772850036621094,24.772850036621094,24.772850036621094,24.772850036621094
2024-01-31,620.0,24.64028549194336,24.64028549194336,24.64028549194336,24.64028549194336
2024-02-01,619.5,24.84551429748535,24.84551429748535,24.84551429748535,24.84551429748535
2024-02-02,615.0,24.499866485595703,24.499866485595703,24.499866485595703,24.499866485595703
2024-02-05,616.0,23.79285430908203,23.79285430908203,23.79285430908203,23.79285430908203
2024-02-06,613.5,23.449169158935547,23.449169158935547,23.449169158935547,23.449169158935547
2024-02-07,610.0,23.389270782470703,23.389270782470703,23.389270782470703,23.389270782470703
2024-02-08,613.0,23.449169158935547,23.449169158935547,23.449169158935547,23.449169158935547
2024-02-09,606.5,23.17913055419922,23.17913055419922,23.17913055419922,23.17913055419922
2024-02-12,607.0,23.365703582763672,23.365703582763672,23.365703582763672,23.365703582763672
2024-02-13,608.0,23.051475524902344,23.051475524902344,23.051475524902344,23.051475524902344
2024-02-14,606.5,23.295001983642578,23.295001983642578,23.295001983642578,23.295001983642578
2024-02-15,605.5,22.977828979492188,22.977828979492188,22.977828979492188,22.977828979492188
2024-02-16,609.5,22.869813919067383,22.869813919067383,22.869813919067383,22.869813919067383
2024-02-19,608.5,,,,
2024-02-20,607.0,22.359195709228516,22.359195709228516,22.359195709228516,22.359195709228516
2024-02-21,606.5,22.5487117767334,22.5487117767334,22.5487117767334,22.5487117767334
2024-02-22,605.0,22.93855094909668,22.93855094909668,22.93855094909668,22.93855094909668
2024-02-23,610.0,22.87668800354004,22.87668800354004,22.87668800354004,22.87668800354004
2024-02-26,605.5,23.091737747192383,23.091737747192383,23.091737747192383,23.091737747192383
2024-02-27,607.0,23.11235809326172,23.11235809326172,23.11235809326172,23.11235809326172
2024-02-28,605.0,22.347412109375,22.347412109375,22.347412109375,22.347412109375
2024-02-29,589.0,22.63021469116211,22.63021469116211,22.63021469116211,22.63021469116211
2024-03-01,585.0,23.152616500854492,23.152616500854492,23.152616500854492,23.152616500854492
2024-03-04,578.5,23.15458106994629,23.15458106994629,23.15458106994629,23.15458106994629
2024-03-05,569.0,23.233139038085938,23.233139038085938,23.233139038085938,23.233139038085938
2024-03-06,580.5,23.631813049316406,23.631813049316406,23.631813049316406,23.631813049316406
2024-03-07,577.0,24.013795852661133,24.013795852661133,24.013795852661133,24.013795852661133
2024-03-08,578.5,23.8144588470459,23.8144588470459,23.8144588470459,23.8144588470459
2024-03-11,574.0,23.147706985473633,23.147706985473633,23.147706985473633,23.147706985473633
2024-03-12,574.0,22.35624885559082,22.35624885559082,22.35624885559082,22.35624885559082
2024-03-13,580.5,22.26099967956543,22.26099967956543,22.26099967956543,22.26099967956543
2024-03-14,574.0,21.78965950012207,21.78965950012207,21.78965950012207,21.78965950012207
2024-03-15,576.5,21.715030670166016,21.715030670166016,21.715030670166016,21.715030670166016
2024-03-18,573.0,21.74056053161621,21.74056053161621,21.74056053161621,21.74056053161621
2024-03-19,582.0,22.074426651000977,22.074426651000977,22.074426651000977,22.074426651000977
2024-03-20,583.5,22.3709774017334,22.3709774017334,22.3709774017334,22.3709774017334
2024-03-21,583.0,22.4573917388916,22.4573917388916,22.4573917388916,22.4573917388916
2024-03-22,583.0,21.946773529052734,21.946773529052734,21.946773529052734,21.946773529052734
2024-03-25,583.0,22.04496955871582,22.04496955871582,22.04496955871582,22.04496955871582
2024-03-26,584.5,21.862323760986328,21.862323760986328,21.862323760986328,21.862323760986328
2024-03-27,588.5,22.253145217895508,22.253145217895508,22.253145217895508,22.253145217895508
2024-03-28,600.0,22.49666976928711,22.49666976928711,22.49666976928711,22.49666976928711
2024-04-02,596.0,22.311079025268555,22.311079025268555,22.311079025268555,22.311079025268555
2024-04-03,588.5,22.430877685546875,22.430877685546875,22.430877685546875,22.430877685546875
2024-04-04,585.0,22.216812133789062,22.216812133789062,22.216812133789062,22.216812133789062
2024-04-05,580.0,22.076391220092773,22.076391220092773,22.076391220092773,22.076391220092773
2024-04-08,581.0,22.377851486206055,22.377851486206055,22.377851486206055,22.377851486206055
2024-04-09,580.5,22.7706356048584,22.7706356048584,22.7706356048584,22.7706356048584
2024-04-10,582.0,22.869813919067383,22.869813919067383,22.869813919067383,22.869813919067383
2024-04-11,580.5,22.968008041381836,22.968008041381836,22.968008041381836,22.968008041381836
2024-04-12,578.5,22.834463119506836,22.834463119506836,22.834463119506836,22.834463119506836
2024-04-15,584.0,22.8374080657959,22.8374080657959,22.8374080657959,22.8374080657959
2024-04-16,582.5,23.105484008789062,23.105484008789062,23.105484008789062,23.105484008789062
2024-04-17,578.5,23.35097312927246,23.35097312927246,23.35097312927246,23.35097312927246
2024-04-18,578.5,23.208589553833008,23.208589553833008,23.208589553833008,23.208589553833008
2024-04-19,579.0,23.223318099975586,23.223318099975586,23.223318099975586,23.223318099975586
2024-04-22,579.5,23.084863662719727,23.084863662719727,23.084863662719727,23.084863662719727
2024-04-23,581.0,22.655746459960938,22.655746459960938,22.655746459960938,22.655746459960938
2024-04-24,579.5,22.686187744140625,22.686187744140625,22.686187744140625,22.686187744140625
2024-04-25,579.5,23.070133209228516,23.070133209228516,23.070133209228516,23.070133209228516
2024-04-26,579.5,23.339189529418945,23.339189529418945,23.339189529418945,23.339189529418945
2024-04-29,587.0,23.547365188598633,23.547365188598633,23.547365188598633,23.547365188598633
2024-04-30,587.5,22.968008041381836,22.968008041381836,22.968008041381836,22.968008041381836
2024-05-01,583.5,22.761798858642578,22.761798858642578,22.761798858642578,22.761798858642578
2024-05-02,586.0,23.064241409301758,23.064241409301758,23.064241409301758,23.064241409301758
2024-05-07,584.0,23.38141441345215,23.38141441345215,23.38141441345215,23.38141441345215
2024-05-08,579.0,23.227245330810547,23.227245330810547,23.227245330810547,23.227245330810547
2024-05-09,576.0,23.258670806884766,23.258670806884766,23.258670806884766,23.258670806884766
2024-05-10,582.5,23.095664978027344,23.095664978027344,23.095664978027344,23.095664978027344
2024-05-13,585.0,23.275362014770508,23.275362014770508,23.275362014770508,23.275362014770508
2024-05-14,583.5,23.238048553466797,23.238048553466797,23.238048553466797,23.238048553466797
2024-05-15,582.5,23.341154098510742,23.341154098510742,23.341154098510742,23.341154098510742
2024-05-16,585.0,23.24099349975586,23.24099349975586,23.24099349975586,23.24099349975586
2024-05-17,582.5,23.515941619873047,23.515941619873047,23.515941619873047,23.515941619873047
2024-05-20,581.0,23.951932907104492,23.951932907104492,23.951932907104492,23.951932907104492
2024-05-21,580.0,24.276960372924805,24.276960372924805,24.276960372924805,24.276960372924805
2024-05-22,579.0,23.983354568481445,23.983354568481445,23.983354568481445,23.983354568481445
2024-05-23,575.0,23.801692962646484,23.801692962646484,23.801692962646484,23.801692962646484
2024-05-24,575.0,23.999067306518555,23.999067306518555,23.999067306518555,23.999067306518555
2024-05-28,576.0,24.34275245666504,24.34275245666504,24.34275245666504,24.34275245666504
2024-05-29,572.5,23.97157096862793,23.97157096862793,23.97157096862793,23.97157096862793
2024-05-30,580.0,24.021650314331055,24.021650314331055,24.021650314331055,24.021650314331055
2024-05-31,573.0,24.522449493408203,24.522449493408203,24.522449493408203,24.522449493408203
2024-06-03,572.0,24.9918270111084,24.9918270111084,24.9918270111084,24.9918270111084
2024-06-04,572.5,24.041290283203125,24.041290283203125,24.041290283203125,24.041290283203125
2024-06-05,572.5,24.01870346069336,24.01870346069336,24.01870346069336,24.01870346069336
2024-06-06,570.0,24.29365348815918,24.29365348815918,24.29365348815918,24.29365348815918
2024-06-07,575.5,23.861591339111328,23.861591339111328,23.861591339111328,23.861591339111328
2024-06-10,575.5,23.85668182373047,23.85668182373047,23.85668182373047,23.85668182373047
2024-06-11,572.5,23.295001983642578,23.295001983642578,23.295001983642578,23.295001983642578
2024-06-12,575.0,23.402036666870117,23.402036666870117,23.402036666870117,23.402036666870117
2024-06-13,575.5,23.211536407470703,23.211536407470703,23.211536407470703,23.211536407470703
2024-06-14,577.5,23.076025009155273,23.076025009155273,23.076025009155273,23.076025009155273
2024-06-17,576.0,22.952299118041992,22.952299118041992,22.952299118041992,22.952299118041992
2024-06-18,577.5,23.13690757751465,23.13690757751465,23.13690757751465,23.13690757751465
2024-06-19,575.5,,,,
2024-06-20,575.0,23.331335067749023,23.331335067749023,23.331335067749023,23.331335067749023
2024-06-21,573.0,23.110393524169922,23.110393524169922,23.110393524169922,23.110393524169922
2024-06-24,572.5,23.223318099975586,23.223318099975586,23.223318099975586,23.223318099975586
2024-06-25,572.5,22.864904403686523,22.864904403686523,22.864904403686523,22.864904403686523
2024-06-26,578.5,22.950334548950195,22.950334548950195,22.950334548950195,22.950334548950195
2024-06-27,577.0,23.026927947998047,23.026927947998047,23.026927947998047,23.026927947998047
2024-06-28,585.5,23.39025115966797,23.39025115966797,23.39025115966797,23.39025115966797
2024-07-01,578.5,24.863189697265625,24.863189697265625,24.863189697265625,24.863189697265625
2024-07-02,581.0,24.955493927001953,24.955493927001953,24.955493927001953,24.955493927001953
2024-07-03,583.0,25.486732482910156,25.486732482910156,25.486732482910156,25.486732482910156
2024-07-04,584.0,,,,
2024-07-05,579.5,25.274629592895508,25.274629592895508,25.274629592895508,25.274629592895508
2024-07-08,576.5,25.252044677734375,25.252044677734375,25.252044677734375,25.252044677734375
2024-07-09,577.5,25.183307647705078,25.183307647705078,25.183307647705078,25.183307647705078
2024-07-10,575.5,25.000661849975586,25.000661849975586,25.000661849975586,25.000661849975586
2024-07-11,575.0,25.001646041870117,25.001646041870117,25.001646041870117,25.001646041870117
2024-07-12,575.5,25.285430908203125,25.285430908203125,25.285430908203125,25.285430908203125
2024-07-15,573.5,25.46218490600586,25.46218490600586,25.46218490600586,25.46218490600586
2024-07-16,573.0,25.418977737426758,25.418977737426758,25.418977737426758,25.418977737426758
2024-07-17,573.0,24.905414581298828,24.905414581298828,24.905414581298828,24.905414581298828
2024-07-18,571.0,24.589223861694336,24.589223861694336,24.589223861694336,24.589223861694336
2024-07-19,575.0,24.09726333618164,24.09726333618164,24.09726333618164,24.09726333618164
2024-07-22,574.5,24.093334197998047,24.093334197998047,24.093334197998047,24.093334197998047
2024-07-23,570.0,23.854717254638672,23.854717254638672,23.854717254638672,23.854717254638672
2024-07-24,573.0,23.62592124938965,23.62592124938965,23.62592124938965,23.62592124938965
2024-07-25,577.0,23.483539581298828,23.483539581298828,23.483539581298828,23.483539581298828
2024-07-26,577.5,23.70742416381836,23.70742416381836,23.70742416381836,23.70742416381836
2024-07-29,579.0,23.493356704711914,23.493356704711914,23.493356704711914,23.493356704711914
2024-07-30,574.5,23.26848793029785,23.26848793029785,23.26848793029785,23.26848793029785
2024-07-31,577.5,23.883195877075195,23.883195877075195,23.883195877075195,23.883195877075195
2024-08-01,571.5,23.152616500854492,23.152616500854492,23.152616500854492,23.152616500854492
2024-08-02,570.0,22.734304428100586,22.734304428100586,22.734304428100586,22.734304428100586
2024-08-05,572.5,21.819116592407227,21.819116592407227,21.819116592407227,21.819116592407227
2024-08-06,574.5,21.90945816040039,21.90945816040039,21.90945816040039,21.90945816040039
2024-08-07,571.0,21.960519790649414,21.960519790649414,21.960519790649414,21.960519790649414
2024-08-08,571.0,22.243324279785156,22.243324279785156,22.243324279785156,22.243324279785156
2024-08-09,570.5,22.499614715576172,22.499614715576172,22.499614715576172,22.499614715576172
2024-08-12,574.0,22.581117630004883,22.581117630004883,22.581117630004883,22.581117630004883
2024-08-13,571.5,22.85213851928711,22.85213851928711,22.85213851928711,22.85213851928711
2024-08-14,570.0,22.172622680664062,22.172622680664062,22.172622680664062,22.172622680664062
2024-08-15,571.5,22.07344627380371,22.07344627380371,22.07344627380371,22.07344627380371
2024-08-16,565.5,22.32678985595703,22.32678985595703,22.32678985595703,22.32678985595703
2024-08-19,568.5,22.469175338745117,22.469175338745117,22.469175338745117,22.469175338745117
2024-08-20,569.5,21.603086471557617,21.603086471557617,21.603086471557617,21.603086471557617
2024-08-21,569.0,21.839738845825195,21.839738845825195,21.839738845825195,21.839738845825195
2024-08-22,568.0,21.580501556396484,21.580501556396484,21.580501556396484,21.580501556396484
2024-08-23,562.5,21.706192016601562,21.706192016601562,21.706192016601562,21.706192016601562
2024-08-27,568.0,21.56871795654297,21.56871795654297,21.56871795654297,21.56871795654297
2024-08-28,568.0,21.417497634887695,21.417497634887695,21.417497634887695,21.417497634887695
2024-08-29,570.5,21.58835792541504,21.58835792541504,21.58835792541504,21.58835792541504
2024-08-30,568.5,21.665931701660156,21.665931701660156,21.665931701660156,21.665931701660156
2024-09-02,569.0,,,,
2024-09-03,569.0,20.84305191040039,20.84305191040039,20.84305191040039,20.84305191040039
2024-09-04,573.0,20.398223876953125,20.398223876953125,20.398223876953125,20.398223876953125
2024-09-05,574.5,19.994638442993164,19.994638442993164,19.994638442993164,19.994638442993164
2024-09-06,575.5,19.34458351135254,19.34458351135254,19.34458351135254,19.34458351135254
2024-09-09,575.5,19.440814971923828,19.440814971923828,19.440814971923828,19.440814971923828
2024-09-10,575.0,19.24736785888672,19.24736785888672,19.24736785888672,19.24736785888672
2024-09-11,578.5,19.351457595825195,19.351457595825195,19.351457595825195,19.351457595825195
2024-09-12,577.0,19.888587951660156,19.888587951660156,19.888587951660156,19.888587951660156
2024-09-13,580.0,20.253875732421875,20.253875732421875,20.253875732421875,20.253875732421875
2024-09-16,580.5,20.26664161682129,20.26664161682129,20.26664161682129,20.26664161682129
2024-09-17,577.0,20.13505744934082,20.13505744934082,20.13505744934082,20.13505744934082
2024-09-18,577.0,20.17433738708496,20.17433738708496,20.17433738708496,20.17433738708496
2024-09-19,578.0,20.82733917236328,20.82733917236328,20.82733917236328,20.82733917236328
2024-09-20,577.0,20.767440795898438,20.767440795898438,20.767440795898438,20.767440795898438
2024-09-23,578.0,21.07282829284668,21.07282829284668,21.07282829284668,21.07282829284668
2024-09-24,578.0,21.926151275634766,21.926151275634766,21.926151275634766,21.926151275634766
2024-09-25,579.0,21.97230339050293,21.97230339050293,21.97230339050293,21.97230339050293
2024-09-26,582.0,22.776527404785156,22.776527404785156,22.776527404785156,22.776527404785156
2024-09-27,581.0,23.1251220703125,23.1251220703125,23.1251220703125,23.1251220703125
2024-09-30,595.0,23.35980987548828,23.35980987548828,23.35980987548828,23.35980987548828
2024-10-01,589.0,23.16440200805664,23.16440200805664,23.16440200805664,23.16440200805664
2024-10-02,586.0,23.07897186279297,23.07897186279297,23.07897186279297,23.07897186279297
2024-10-03,599.0,22.830535888671875,22.830535888671875,22.830535888671875,22.830535888671875
2024-10-04,605.5,23.10057258605957,23.10057258605957,23.10057258605957,23.10057258605957
2024-10-07,609.0,23.478628158569336,23.478628158569336,23.478628158569336,23.478628158569336
2024-10-08,599.0,22.761798858642578,22.761798858642578,22.761798858642578,22.761798858642578
2024-10-09,599.5,22.63414192199707,22.63414192199707,22.63414192199707,22.63414192199707
2024-10-10,599.5,23.031837463378906,23.031837463378906,23.031837463378906,23.031837463378906
2024-10-11,595.5,23.271434783935547,23.271434783935547,23.271434783935547,23.271434783935547
2024-10-14,595.0,23.2370662689209,23.2370662689209,23.2370662689209,23.2370662689209
2024-10-15,595.5,22.908109664916992,22.908109664916992,22.908109664916992,22.908109664916992
2024-10-16,593.0,22.985685348510742,22.985685348510742,22.985685348510742,22.985685348510742
2024-10-17,592.5,22.497650146484375,22.497650146484375,22.497650146484375,22.497650146484375
2024-10-18,592.5,22.461318969726562,22.461318969726562,22.461318969726562,22.461318969726562
2024-10-21,592.5,22.201099395751953,22.201099395751953,22.201099395751953,22.201099395751953
2024-10-22,589.5,22.486848831176758,22.486848831176758,22.486848831176758,22.486848831176758
2024-10-23,588.0,22.019437789916992,22.019437789916992,22.019437789916992,22.019437789916992
2024-10-24,592.5,22.151020050048828,22.151020050048828,22.151020050048828,22.151020050048828
2024-10-25,595.5,22.32384490966797,22.32384490966797,22.32384490966797,22.32384490966797
2024-10-28,595.0,22.72350311279297,22.72350311279297,22.72350311279297,22.72350311279297
2024-10-29,593.5,22.540857315063477,22.540857315063477,22.540857315063477,22.540857315063477
2024-10-30,592.0,22.3709774017334,22.3709774017334,22.3709774017334,22.3709774017334
2024-10-31,595.0,22.740196228027344,22.740196228027344,22.740196228027344,22.740196228027344
2024-11-01,594.0,22.646909713745117,22.646909713745117,22.646909713745117,22.646909713745117
2024-11-04,596.0,22.71564483642578,22.71564483642578,22.71564483642578,22.71564483642578
2024-11-05,597.5,23.311695098876953,23.311695098876953,23.311695098876953,23.311695098876953
2024-11-06,596.5,24.140466690063477,24.140466690063477,24.140466690063477,24.140466690063477
2024-11-07,594.0,24.602970123291016,24.602970123291016,24.602970123291016,24.602970123291016
2024-11-08,590.0,24.09627914428711,24.09627914428711,24.09627914428711,24.09627914428711
2024-11-11,585.0,23.920509338378906,23.920509338378906,23.920509338378906,23.920509338378906
2024-11-12,588.0,23.189931869506836,23.189931869506836,23.189931869506836,23.189931869506836
2024-11-13,586.5,23.229209899902344,23.229209899902344,23.229209899902344,23.229209899902344
2024-11-14,587.0,23.072097778320312,23.072097778320312,23.072097778320312,23.072097778320312
2024-11-15,586.0,22.88945198059082,22.88945198059082,22.88945198059082,22.88945198059082
2024-11-18,581.5,23.458988189697266,23.458988189697266,23.458988189697266,23.458988189697266
2024-11-19,581.0,23.517906188964844,23.517906188964844,23.517906188964844,23.517906188964844
2024-11-20,577.0,23.614137649536133,23.614137649536133,23.614137649536133,23.614137649536133
2024-11-21,578.5,24.103153228759766,24.103153228759766,24.103153228759766,24.103153228759766
2024-11-22,578.5,24.02852439880371,24.02852439880371,24.02852439880371,24.02852439880371
2024-11-25,578.5,23.82231330871582,23.82231330871582,23.82231330871582,23.82231330871582
2024-11-26,576.5,23.588605880737305,23.588605880737305,23.588605880737305,23.588605880737305
2024-11-27,576.5,23.685821533203125,23.685821533203125,23.685821533203125,23.685821533203125
2024-11-28,576.5,,,,
2024-11-29,563.0,23.547365188598633,23.547365188598633,23.547365188598633,23.547365188598633
2024-12-02,566.0,23.341154098510742,23.341154098510742,23.341154098510742,23.341154098510742
2024-12-03,566.5,23.29401969909668,23.29401969909668,23.29401969909668,23.29401969909668
2024-12-04,563.0,23.06718635559082,23.06718635559082,23.06718635559082,23.06718635559082
2024-12-05,563.5,22.952299118041992,22.952299118041992,22.952299118041992,22.952299118041992
2024-12-06,563.0,22.343482971191406,22.343482971191406,22.343482971191406,22.343482971191406
2024-12-09,561.0,22.577190399169922,22.577190399169922,22.577190399169922,22.577190399169922
2024-12-10,558.5,22.560497283935547,22.560497283935547,22.560497283935547,22.560497283935547
2024-12-11,557.0,22.60173988342285,22.60173988342285,22.60173988342285,22.60173988342285
2024-12-12,564.0,22.518272399902344,22.518272399902344,22.518272399902344,22.518272399902344
2024-12-13,561.0,22.27965545654297,22.27965545654297,22.27965545654297,22.27965545654297
2024-12-16,567.0,21.897674560546875,21.897674560546875,21.897674560546875,21.897674560546875
2024-12-17,565.5,21.644329071044922,21.644329071044922,21.644329071044922,21.644329071044922
2024-12-18,565.5,20.987398147583008,20.987398147583008,20.987398147583008,20.987398147583008
2024-12-19,563.0,20.78511619567871,20.78511619567871,20.78511619567871,20.78511619567871
2024-12-20,565.5,20.598543167114258,20.598543167114258,20.598543167114258,20.598543167114258
2024-12-23,563.5,20.576940536499023,20.576940536499023,20.576940536499023,20.576940536499023
2024-12-24,564.0,20.58381462097168,20.58381462097168,20.58381462097168,20.58381462097168
2024-12-27,564.0,20.355998992919922,20.355998992919922,20.355998992919922,20.355998992919922
2024-12-30,564.0,20.621999740600586,20.621999740600586,20.621999740600586,20.621999740600586
2024-12-31,570.0,20.775999069213867,20.775999069213867,20.775999069213867,20.775999069213867
2025-01-02,574.0,20.892000198364258,20.892000198364258,20.892000198364258,20.892000198364258
2025-01-03,569.5,20.836999893188477,20.836999893188477,20.836999893188477,20.836999893188477
2025-01-06,566.0,20.579999923706055,20.579999923706055,20.579999923706055,20.579999923706055
2025-01-07,561.5,20.37700080871582,20.37700080871582,20.37700080871582,20.37700080871582
2025-01-08,560.0,20.195999145507812,20.195999145507812,20.195999145507812,20.195999145507812
2025-01-09,561.0,,,,
2025-01-10,560.0,19.700000762939453,19.700000762939453,19.700000762939453,19.700000762939453
2025-01-13,556.5,20.06599998474121,20.06599998474121,20.06599998474121,20.06599998474121
2025-01-14,558.5,20.31800079345703,20.31800079345703,20.31800079345703,20.31800079345703
2025-01-15,560.0,20.5,20.5,20.5,20.5
2025-01-16,560.0,20.29800033569336,20.29800033569336,20.29800033569336,20.29800033569336
2025-01-17,556.0,20.496999740600586,20.496999740600586,20.496999740600586,20.496999740600586
2025-01-20,559.0,,,,
2025-01-21,555.5,20.950000762939453,20.950000762939453,20.950000762939453,20.950000762939453
2025-01-22,557.0,20.489999771118164,20.489999771118164,20.489999771118164,20.489999771118164
2025-01-23,558.0,20.665000915527344,20.665000915527344,20.665000915527344,20.665000915527344
2025-01-24,558.0,20.674999237060547,20.674999237060547,20.674999237060547,20.674999237060547
2025-01-27,559.0,20.155000686645508,20.155000686645508,20.155000686645508,20.155000686645508
2025-01-28,559.5,19.6200008392334,19.6200008392334,19.6200008392334,19.6200008392334
2025-01-29,559.5,19.83099937438965,19.83099937438965,19.83099937438965,19.83099937438965
2025-01-30,557.0,19.892000198364258,19.892000198364258,19.892000198364258,19.892000198364258
2025-01-31,576.5,19.757999420166016,19.757999420166016,19.757999420166016,19.757999420166016
2025-02-03,569.0,19.673999786376953,19.673999786376953,19.673999786376953,19.673999786376953
2025-02-04,571.0,20.03499984741211,20.03499984741211,20.03499984741211,20.03499984741211
2025-02-05,564.0,20.08099937438965,20.08099937438965,20.08099937438965,20.08099937438965
2025-02-06,569.0,19.805999755859375,19.805999755859375,19.805999755859375,19.805999755859375
2025-02-07,566.5,19.503000259399414,19.503000259399414,19.503000259399414,19.503000259399414
2025-02-10,569.0,19.60700035095215,19.60700035095215,19.60700035095215,19.60700035095215
2025-02-11,568.5,19.479000091552734,19.479000091552734,19.479000091552734,19.479000091552734
2025-02-12,567.5,19.17099952697754,19.17099952697754,19.17099952697754,19.17099952697754
2025-02-13,568.5,19.44300079345703,19.44300079345703,19.44300079345703,19.44300079345703
2025-02-14,568.0,18.952999114990234,18.952999114990234,18.952999114990234,18.952999114990234
2025-02-17,568.5,,,,
2025-02-18,568.5,18.809999465942383,18.809999465942383,18.809999465942383,18.809999465942383
2025-02-19,568.0,18.344999313354492,18.344999313354492,18.344999313354492,18.344999313354492
2025-02-20,568.5,18.81999969482422,18.81999969482422,18.81999969482422,18.81999969482422
2025-02-21,568.5,18.427000045776367,18.427000045776367,18.427000045776367,18.427000045776367
2025-02-24,568.0,18.510000228881836,18.510000228881836,18.510000228881836,18.510000228881836
2025-02-25,568.5,18.360000610351562,18.360000610351562,18.360000610351562,18.360000610351562
2025-02-26,566.5,18.235000610351562,18.235000610351562,18.235000610351562,18.235000610351562
2025-02-27,564.0,17.93000030517578,17.93000030517578,17.93000030517578,17.93000030517578
2025-02-28,573.5,17.674999237060547,17.674999237060547,17.674999237060547,17.674999237060547
2025-03-03,573.5,17.538000106811523,17.538000106811523,17.538000106811523,17.538000106811523
2025-03-04,571.5,17.527000427246094,17.527000427246094,17.527000427246094,17.527000427246094
2025-03-05,572.0,17.77899932861328,17.77899932861328,17.77899932861328,17.77899932861328
2025-03-06,572.5,17.54599952697754,17.54599952697754,17.54599952697754,17.54599952697754
2025-03-07,572.5,17.448999404907227,17.448999404907227,17.448999404907227,17.448999404907227
2025-03-10,572.5,17.534000396728516,17.534000396728516,17.534000396728516,17.534000396728516
2025-03-11,572.5,18.17300033569336,18.17300033569336,18.17300033569336,18.17300033569336
2025-03-12,572.5,17.739999771118164,17.739999771118164,17.739999771118164,17.739999771118164
2025-03-13,572.5,17.597000122070312,17.597000122070312,17.597000122070312,17.597000122070312
2025-03-14,576.0,17.934999465942383,17.934999465942383,17.934999465942383,17.934999465942383
2025-03-17,574.0,17.89299964904785,17.89299964904785,17.89299964904785,17.89299964904785
2025-03-18,574.0,18.110000610351562,18.110000610351562,18.110000610351562,18.110000610351562
2025-03-19,573.5,18.014999389648438,18.014999389648438,18.014999389648438,18.014999389648438
2025-03-20,575.0,17.850000381469727,17.850000381469727,17.850000381469727,17.850000381469727
2025-03-21,573.5,17.562999725341797,17.562999725341797,17.562999725341797,17.562999725341797
2025-03-24,573.5,17.716999053955078,17.716999053955078,17.716999053955078,17.716999053955078
2025-03-25,573.5,17.780000686645508,17.780000686645508,17.780000686645508,17.780000686645508
2025-03-26,573.5,17.68899917602539,17.68899917602539,17.68899917602539,17.68899917602539
2025-03-27,573.5,17.84000015258789,17.84000015258789,17.84000015258789,17.84000015258789
2025-03-28,573.0,17.524999618530273,17.524999618530273,17.524999618530273,17.524999618530273
2025-03-31,574.5,17.291000366210938,17.291000366210938,17.291000366210938,17.291000366210938
2025-04-01,572.0,17.336999893188477,17.336999893188477,17.336999893188477,17.336999893188477
2025-04-02,571.0,17.15999984741211,17.15999984741211,17.15999984741211,17.15999984741211
2025-04-03,571.0,16.292999267578125,16.292999267578125,16.292999267578125,16.292999267578125
2025-04-04,565.5,14.937999725341797,14.937999725341797,14.937999725341797,14.937999725341797
2025-04-07,566.5,14.708999633789062,14.708999633789062,14.708999633789062,14.708999633789062
2025-04-08,560.0,15.170000076293945,15.170000076293945,15.170000076293945,15.170000076293945
2025-04-09,561.5,16.149999618530273,16.149999618530273,16.149999618530273,16.149999618530273
2025-04-10,561.5,15.760000228881836,15.760000228881836,15.760000228881836,15.760000228881836
2025-04-11,565.0,16.3799991607666,16.3799991607666,16.3799991607666,16.3799991607666
2025-04-14,567.0,16.601999282836914,16.601999282836914,16.601999282836914,16.601999282836914
2025-04-15,566.5,16.610000610351562,16.610000610351562,16.610000610351562,16.610000610351562
2025-04-16,566.5,16.583999633789062,16.583999633789062,16.583999633789062,16.583999633789062
2025-04-17,566.5,17.0,17.0,17.0,17.0
2025-04-22,559.0,16.959999084472656,16.959999084472656,16.959999084472656,16.959999084472656
2025-04-23,553.0,17.05299949645996,17.05299949645996,17.05299949645996,17.05299949645996
2025-04-24,550.0,17.559999465942383,17.559999465942383,17.559999465942383,17.559999465942383
2025-04-25,554.5,17.292999267578125,17.292999267578125,17.292999267578125,17.292999267578125
2025-04-28,554.5,17.356000900268555,17.356000900268555,17.356000900268555,17.356000900268555
2025-04-29,554.5,17.415000915527344,17.415000915527344,17.415000915527344,17.415000915527344
2025-04-30,539.0,16.920000076293945,16.920000076293945,16.920000076293945,16.920000076293945
2025-05-01,539.5,16.93000030517578,16.93000030517578,16.93000030517578,16.93000030517578
2025-05-02,539.5,17.389999389648438,17.389999389648438,17.389999389648438,17.389999389648438
2025-05-06,542.0,17.329999923706055,17.329999923706055,17.329999923706055,17.329999923706055
2025-05-07,541.5,17.190000534057617,17.190000534057617,17.190000534057617,17.190000534057617
2025-05-08,541.5,17.038999557495117,17.038999557495117,17.038999557495117,17.038999557495117
2025-05-09,539.0,16.731000900268555,16.731000900268555,16.731000900268555,16.731000900268555
2025-05-12,544.5,17.010000228881836,17.010000228881836,17.010000228881836,17.010000228881836
2025-05-13,544.5,17.709999084472656,17.709999084472656,17.709999084472656,17.709999084472656
2025-05-14,550.5,17.420000076293945,17.420000076293945,17.420000076293945,17.420000076293945
2025-05-15,548.5,17.34000015258789,17.34000015258789,17.34000015258789,17.34000015258789
2025-05-16,549.0,17.41699981689453,17.41699981689453,17.41699981689453,17.41699981689453
2025-05-19,549.5,17.23200035095215,17.23200035095215,17.23200035095215,17.23200035095215
2025-05-20,547.5,17.190000534057617,17.190000534057617,17.190000534057617,17.190000534057617
2025-05-21,550.5,17.100000381469727,17.100000381469727,17.100000381469727,17.100000381469727
2025-05-22,550.5,16.850000381469727,16.850000381469727,16.850000381469727,16.850000381469727
2025-05-23,550.5,16.924999237060547,16.924999237060547,16.924999237060547,16.924999237060547
2025-05-27,550.5,17.378999710083008,17.378999710083008,17.378999710083008,17.378999710083008
2025-05-28,550.5,17.295000076293945,17.295000076293945,17.295000076293945,17.295000076293945
2025-05-29,550.5,17.1299991607666,17.1299991607666,17.1299991607666,17.1299991607666
2025-05-30,549.5,16.865999221801758,16.865999221801758,16.865999221801758,16.865999221801758
2025-06-02,549.5,16.958999633789062,16.958999633789062,16.958999633789062,16.958999633789062
2025-06-03,543.5,16.926000595092773,16.926000595092773,16.926000595092773,16.926000595092773
2025-06-04,546.0,17.18000030517578,17.18000030517578,17.18000030517578,17.18000030517578
2025-06-05,549.5,17.05699920654297,17.05699920654297,17.05699920654297,17.05699920654297
2025-06-06,546.0,17.263999938964844,17.263999938964844,17.263999938964844,17.263999938964844
2025-06-09,546.0,17.43899917602539,17.43899917602539,17.43899917602539,17.43899917602539
2025-06-10,549.5,17.44099998474121,17.44099998474121,17.44099998474121,17.44099998474121
2025-06-11,541.0,17.43000030517578,17.43000030517578,17.43000030517578,17.43000030517578
2025-06-12,541.5,17.36199951171875,17.36199951171875,17.36199951171875,17.36199951171875
2025-06-13,541.5,17.280000686645508,17.280000686645508,17.280000686645508,17.280000686645508
2025-06-16,540.5,17.479999542236328,17.479999542236328,17.479999542236328,17.479999542236328
2025-06-17,540.5,17.4689998626709,17.4689998626709,17.4689998626709,17.4689998626709
2025-06-18,540.5,17.65399932861328,17.65399932861328,17.65399932861328,17.65399932861328
2025-06-19,540.5,,,,
2025-06-20,540.5,17.149999618530273,17.149999618530273,17.149999618530273,17.149999618530273
2025-06-23,540.5,17.040000915527344,17.040000915527344,17.040000915527344,17.040000915527344
2025-06-24,540.5,16.90999984741211,16.90999984741211,16.90999984741211,16.90999984741211
2025-06-25,540.5,16.649999618530273,16.649999618530273,16.649999618530273,16.649999618530273
2025-06-26,541.5,16.906999588012695,16.906999588012695,16.906999588012695,16.906999588012695
2025-06-27,541.5,17.09600067138672,17.09600067138672,17.09600067138672,17.09600067138672
2025-06-30,536.0,17.440000534057617,17.440000534057617,17.440000534057617,17.440000534057617
2025-07-01,537.5,17.27400016784668,17.27400016784668,17.27400016784668,17.27400016784668
2025-07-02,539.5,18.156999588012695,18.156999588012695,18.156999588012695,18.156999588012695
2025-07-03,539.5,18.549999237060547,18.549999237060547,18.549999237060547,18.549999237060547
2025-07-04,539.5,,,,
2025-07-07,536.0,18.198999404907227,18.198999404907227,18.198999404907227,18.198999404907227
2025-07-08,539.5,18.209999084472656,18.209999084472656,18.209999084472656,18.209999084472656
2025-07-09,539.5,18.1200008392334,18.1200008392334,18.1200008392334,18.1200008392334
2025-07-10,535.5,18.90999984741211,18.90999984741211,18.90999984741211,18.90999984741211
2025-07-11,536.0,19.211000442504883,19.211000442504883,19.211000442504883,19.211000442504883
2025-07-14,535.0,19.200000762939453,19.200000762939453,19.200000762939453,19.200000762939453
2025-07-15,535.5,19.170000076293945,19.170000076293945,19.170000076293945,19.170000076293945
2025-07-16,535.5,19.073999404907227,19.073999404907227,19.073999404907227,19.073999404907227
2025-07-17,535.5,19.496000289916992,19.496000289916992,19.496000289916992,19.496000289916992
2025-07-18,539.5,19.3799991607666,19.3799991607666,19.3799991607666,19.3799991607666
2025-07-21,539.5,19.840999603271484,19.840999603271484,19.840999603271484,19.840999603271484
2025-07-22,539.5,20.950000762939453,20.950000762939453,20.950000762939453,20.950000762939453
2025-07-23,539.5,21.266000747680664,21.266000747680664,21.266000747680664,21.266000747680664
2025-07-24,536.0,21.08300018310547,21.08300018310547,21.08300018310547,21.08300018310547
2025-07-25,539.5,20.76300048828125,20.76300048828125,20.76300048828125,20.76300048828125
2025-07-28,539.5,19.959999084472656,19.959999084472656,19.959999084472656,19.959999084472656
2025-07-29,536.0,19.933000564575195,19.933000564575195,19.933000564575195,19.933000564575195
2025-07-30,539.5,19.44099998474121,19.44099998474121,19.44099998474121,19.44099998474121
2025-07-31,545.0,19.148000717163086,19.148000717163086,19.148000717163086,19.148000717163086
2025-08-01,545.0,18.969999313354492,18.969999313354492,18.969999313354492,18.969999313354492
2025-08-04,545.5,19.670000076293945,19.670000076293945,19.670000076293945,19.670000076293945
2025-08-05,544.0,19.950000762939453,19.950000762939453,19.950000762939453,19.950000762939453
2025-08-06,543.5,19.889999389648438,19.889999389648438,19.889999389648438,19.889999389648438
2025-08-07,544.5,20.253999710083008,20.253999710083008,20.253999710083008,20.253999710083008
2025-08-08,542.0,20.8700008392334,20.8700008392334,20.8700008392334,20.8700008392334
2025-08-11,542.0,20.940000534057617,20.940000534057617,20.940000534057617,20.940000534057617
2025-08-12,546.5,21.53499984741211,21.53499984741211,21.53499984741211,21.53499984741211
2025-08-13,542.0,21.531999588012695,21.531999588012695,21.531999588012695,21.531999588012695
2025-08-14,540.5,21.118999481201172,21.118999481201172,21.118999481201172,21.118999481201172
2025-08-15,541.0,20.625999450683594,20.625999450683594,20.625999450683594,20.625999450683594
2025-08-18,541.0,20.139999389648438,20.139999389648438,20.139999389648438,20.139999389648438
2025-08-19,546.5,19.86199951171875,19.86199951171875,19.86199951171875,19.86199951171875
2025-08-20,540.5,19.496000289916992,19.496000289916992,19.496000289916992,19.496000289916992
2025-08-21,540.0,19.631000518798828,19.631000518798828,19.631000518798828,19.631000518798828
2025-08-22,540.0,20.158000946044922,20.158000946044922,20.158000946044922,20.158000946044922
2025-08-26,540.0,20.482999801635742,20.482999801635742,20.482999801635742,20.482999801635742
2025-08-27,540.0,20.402000427246094,20.402000427246094,20.402000427246094,20.402000427246094
2025-08-28,540.0,20.27199935913086,20.27199935913086,20.27199935913086,20.27199935913086
2025-08-29,541.5,20.474000930786133,20.474000930786133,20.474000930786133,20.474000930786133
2025-09-01,541.5,,,,
2025-09-02,541.5,20.099000930786133,20.099000930786133,20.099000930786133,20.099000930786133
2025-09-03,540.5,19.940000534057617,19.940000534057617,19.940000534057617,19.940000534057617
2025-09-04,542.0,19.969999313354492,19.969999313354492,19.969999313354492,19.969999313354492
2025-09-05,536.5,20.75,20.75,20.75,20.75
2025-09-08,536.5,20.38599967956543,20.38599967956543,20.38599967956543,20.38599967956543
2025-09-09,540.5,20.420000076293945,20.420000076293945,20.420000076293945,20.420000076293945
2025-09-10,540.5,20.34000015258789,20.34000015258789,20.34000015258789,20.34000015258789
2025-09-11,540.5,20.4060001373291,20.4060001373291,20.4060001373291,20.4060001373291
2025-09-12,536.5,20.239999771118164,20.239999771118164,20.239999771118164,20.239999771118164
2025-09-15,540.5,20.9950008392334,20.9950008392334,20.9950008392334,20.9950008392334
2025-09-16,540.5,21.389999389648438,21.389999389648438,21.389999389648438,21.389999389648438
2025-09-17,536.5,21.42099952697754,21.42099952697754,21.42099952697754,21.42099952697754
2025-09-18,535.5,21.8700008392334,21.8700008392334,21.8700008392334,21.8700008392334
2025-09-19,540.5,21.920000076293945,21.920000076293945,21.920000076293945,21.920000076293945
2025-09-22,536.5,21.761999130249023,21.761999130249023,21.761999130249023,21.761999130249023
2025-09-23,536.0,21.75,21.75,21.75,21.75
2025-09-24,536.5,22.149999618530273,22.149999618530273,22.149999618530273,22.149999618530273
2025-09-25,536.5,22.1200008392334,22.1200008392334,22.1200008392334,22.1200008392334
2025-09-26,536.5,22.15999984741211,22.15999984741211,22.15999984741211,22.15999984741211
2025-09-29,540.5,22.170000076293945,22.170000076293945,22.170000076293945,22.170000076293945
2025-09-30,543.5,22.309999465942383,22.309999465942383,22.309999465942383,22.309999465942383
2025-10-01,540.5,22.719999313354492,22.719999313354492,22.719999313354492,22.719999313354492
2025-10-02,540.5,22.729999542236328,22.729999542236328,22.729999542236328,22.729999542236328
2025-10-03,545.5,23.25,23.25,23.25,23.25
2025-10-06,540.5,23.260000228881836,23.260000228881836,23.260000228881836,23.260000228881836
2025-10-07,540.5,23.15999984741211,23.15999984741211,23.15999984741211,23.15999984741211
2025-10-08,547.5,23.399999618530273,23.399999618530273,23.399999618530273,23.399999618530273
2025-10-09,543.0,23.799999237060547,23.799999237060547,23.799999237060547,23.799999237060547
2025-10-10,545.0,23.18899917602539,23.18899917602539,23.18899917602539,23.18899917602539
2025-10-13,547.5,24.280000686645508,24.280000686645508,24.280000686645508,24.280000686645508
2025-10-14,547.5,24.700000762939453,24.700000762939453,24.700000762939453,24.700000762939453
2025-10-15,542.5,23.989999771118164,23.989999771118164,23.989999771118164,23.989999771118164
2025-10-16,544.0,24.070999145507812,24.070999145507812,24.070999145507812,24.070999145507812
2025-10-17,547.5,23.559999465942383,23.559999465942383,23.559999465942383,23.559999465942383
2025-10-20,547.5,24.049999237060547,24.049999237060547,24.049999237060547,24.049999237060547
2025-10-21,547.5,22.959999084472656,22.959999084472656,22.959999084472656,22.959999084472656
2025-10-22,543.0,22.46299934387207,22.46299934387207,22.46299934387207,22.46299934387207
2025-10-23,543.0,22.43199920654297,22.43199920654297,22.43199920654297,22.43199920654297
2025-10-24,544.0,22.479999542236328,22.479999542236328,22.479999542236328,22.479999542236328
2025-10-27,545.0,22.434999465942383,22.434999465942383,22.434999465942383,22.434999465942383
2025-10-28,545.0,22.104000091552734,22.104000091552734,22.104000091552734,22.104000091552734
2025-10-29,545.0,22.163999557495117,22.163999557495117,22.163999557495117,22.163999557495117
