Date,Price
10/29/2025,545
10/28/2025,545
10/27/2025,545
10/24/2025,544
10/23/2025,543
10/22/2025,543
10/21/2025,547.5
10/20/2025,547.5
10/17/2025,547.5
10/16/2025,544
10/15/2025,542.5
10/14/2025,547.5
10/13/2025,547.5
10/10/2025,545
10/9/2025,543
10/8/2025,547.5
10/7/2025,540.5
10/6/2025,540.5
10/3/2025,545.5
10/2/2025,540.5
10/1/2025,540.5
9/30/2025,543.5
9/29/2025,540.5
9/26/2025,536.5
9/25/2025,536.5
9/24/2025,536.5
9/23/2025,536
9/22/2025,536.5
9/19/2025,540.5
9/18/2025,535.5
9/17/2025,536.5
9/16/2025,540.5
9/15/2025,540.5
9/12/2025,536.5
9/11/2025,540.5
9/10/2025,540.5
9/9/2025,540.5
9/8/2025,536.5
9/5/2025,536.5
9/4/2025,542
9/3/2025,540.5
9/2/2025,541.5
9/1/2025,541.5
8/29/2025,541.5
8/28/2025,540
8/27/2025,540
8/26/2025,540
8/22/2025,540
8/21/2025,540
8/20/2025,540.5
8/19/2025,546.5
8/18/2025,541
8/15/2025,541
8/14/2025,540.5
8/13/2025,542
8/12/2025,546.5
8/11/2025,542
8/8/2025,542
8/7/2025,544.5
8/6/2025,543.5
8/5/2025,544
8/4/2025,545.5
8/1/2025,545
7/31/2025,545
7/30/2025,539.5
7/29/2025,536
7/28/2025,539.5
7/25/2025,539.5
7/24/2025,536
7/23/2025,539.5
7/22/2025,539.5
7/21/2025,539.5
7/18/2025,539.5
7/17/2025,535.5
7/16/2025,535.5
7/15/2025,535.5
7/14/2025,535
7/11/2025,536
7/10/2025,535.5
7/9/2025,539.5
7/8/2025,539.5
7/7/2025,536
7/4/2025,539.5
7/3/2025,539.5
7/2/2025,539.5
7/1/2025,537.5
6/30/2025,536
6/27/2025,541.5
6/26/2025,541.5
6/25/2025,540.5
6/24/2025,540.5
6/23/2025,540.5
6/20/2025,540.5
6/19/2025,540.5
6/18/2025,540.5
6/17/2025,540.5
6/16/2025,540.5
6/13/2025,541.5
6/12/2025,541.5
6/11/2025,541
6/10/2025,549.5
6/9/2025,546
6/6/2025,546
6/5/2025,549.5
6/4/2025,546
6/3/2025,543.5
6/2/2025,549.5
5/30/2025,549.5
5/29/2025,550.5
5/28/2025,550.5
5/27/2025,550.5
5/23/2025,550.5
5/22/2025,550.5
5/21/2025,550.5
5/20/2025,547.5
5/19/2025,549.5
5/16/2025,549
5/15/2025,548.5
5/14/2025,550.5
5/13/2025,544.5
5/12/2025,544.5
5/9/2025,539
5/8/2025,541.5
5/7/2025,541.5
5/6/2025,542
5/2/2025,539.5
5/1/2025,539.5
4/30/2025,539
4/29/2025,554.5
4/28/2025,554.5
4/25/2025,554.5
4/24/2025,550
4/23/2025,553
4/22/2025,559
4/17/2025,566.5
4/16/2025,566.5
4/15/2025,566.5
4/14/2025,567
4/11/2025,565
4/10/2025,561.5
4/9/2025,561.5
4/8/2025,560
4/7/2025,566.5
4/4/2025,565.5
4/3/2025,571
4/2/2025,571
4/1/2025,572
3/31/2025,574.5
3/28/2025,573
3/27/2025,573.5
3/26/2025,573.5
3/25/2025,573.5
3/24/2025,573.5
3/21/2025,573.5
3/20/2025,575
3/19/2025,573.5
3/18/2025,574
3/17/2025,574
3/14/2025,576
3/13/2025,572.5
3/12/2025,572.5
3/11/2025,572.5
3/10/2025,572.5
3/7/2025,572.5
3/6/2025,572.5
3/5/2025,572
3/4/2025,571.5
3/3/2025,573.5
2/28/2025,573.5
2/27/2025,564
2/26/2025,566.5
2/25/2025,568.5
2/24/2025,568
2/21/2025,568.5
2/20/2025,568.5
2/19/2025,568
2/18/2025,568.5
2/17/2025,568.5
2/14/2025,568
2/13/2025,568.5
2/12/2025,567.5
2/11/2025,568.5
2/10/2025,569
2/7/2025,566.5
2/6/2025,569
2/5/2025,564
2/4/2025,571
2/3/2025,569
1/31/2025,576.5
1/30/2025,557
1/29/2025,559.5
1/28/2025,559.5
1/27/2025,559
1/24/2025,558
1/23/2025,558
1/22/2025,557
1/21/2025,555.5
1/20/2025,559
1/17/2025,556
1/16/2025,560
1/15/2025,560
1/14/2025,558.5
1/13/2025,556.5
1/10/2025,560
1/9/2025,561
1/8/2025,560
1/7/2025,561.5
1/6/2025,566
1/3/2025,569.5
1/2/2025,574
12/31/2024,570
12/30/2024,564
12/27/2024,564
12/24/2024,564
12/23/2024,563.5
12/20/2024,565.5
12/19/2024,563
12/18/2024,565.5
12/17/2024,565.5
12/16/2024,567
12/13/2024,561
12/12/2024,564
12/11/2024,557
12/10/2024,558.5
12/9/2024,561
12/6/2024,563
12/5/2024,563.5
12/4/2024,563
12/3/2024,566.5
12/2/2024,566
11/29/2024,563
11/28/2024,576.5
11/27/2024,576.5
11/26/2024,576.5
11/25/2024,578.5
11/22/2024,578.5
11/21/2024,578.5
11/20/2024,577
11/19/2024,581
11/18/2024,581.5
11/15/2024,586
11/14/2024,587
11/13/2024,586.5
11/12/2024,588
11/11/2024,585
11/8/2024,590
11/7/2024,594
11/6/2024,596.5
11/5/2024,597.5
11/4/2024,596
11/1/2024,594
10/31/2024,595
10/30/2024,592
10/29/2024,593.5
10/28/2024,595
10/25/2024,595.5
10/24/2024,592.5
10/23/2024,588
10/22/2024,589.5
10/21/2024,592.5
10/18/2024,592.5
10/17/2024,592.5
10/16/2024,593
10/15/2024,595.5
10/14/2024,595
10/11/2024,595.5
10/10/2024,599.5
10/9/2024,599.5
10/8/2024,599
10/7/2024,609
10/4/2024,605.5
10/3/2024,599
10/2/2024,586
10/1/2024,589
9/30/2024,595
9/27/2024,581
9/26/2024,582
9/25/2024,579
9/24/2024,578
9/23/2024,578
9/20/2024,577
9/19/2024,578
9/18/2024,577
9/17/2024,577
9/16/2024,580.5
9/13/2024,580
9/12/2024,577
9/11/2024,578.5
9/10/2024,575
9/9/2024,575.5
9/6/2024,575.5
9/5/2024,574.5
9/4/2024,573
9/3/2024,569
9/2/2024,569
8/30/2024,568.5
8/29/2024,570.5
8/28/2024,568
8/27/2024,568
8/23/2024,562.5
8/22/2024,568
8/21/2024,569
8/20/2024,569.5
8/19/2024,568.5
8/16/2024,565.5
8/15/2024,571.5
8/14/2024,570
8/13/2024,571.5
8/12/2024,574
8/9/2024,570.5
8/8/2024,571
8/7/2024,571
8/6/2024,574.5
8/5/2024,572.5
8/2/2024,570
8/1/2024,571.5
7/31/2024,577.5
7/30/2024,574.5
7/29/2024,579
7/26/2024,577.5
7/25/2024,577
7/24/2024,573
7/23/2024,570
7/22/2024,574.5
7/19/2024,575
7/18/2024,571
7/17/2024,573
7/16/2024,573
7/15/2024,573.5
7/12/2024,575.5
7/11/2024,575
7/10/2024,575.5
7/9/2024,577.5
7/8/2024,576.5
7/5/2024,579.5
7/4/2024,584
7/3/2024,583
7/2/2024,581
7/1/2024,578.5
6/28/2024,585.5
6/27/2024,577
6/26/2024,578.5
6/25/2024,572.5
6/24/2024,572.5
6/21/2024,573
6/20/2024,575
6/19/2024,575.5
6/18/2024,577.5
6/17/2024,576
6/14/2024,577.5
6/13/2024,575.5
6/12/2024,575
6/11/2024,572.5
6/10/2024,575.5
6/7/2024,575.5
6/6/2024,570
6/5/2024,572.5
6/4/2024,572.5
6/3/2024,572
5/31/2024,573
5/30/2024,580
5/29/2024,572.5
5/28/2024,576
5/24/2024,575
5/23/2024,575
5/22/2024,579
5/21/2024,580
5/20/2024,581
5/17/2024,582.5
5/16/2024,585
5/15/2024,582.5
5/14/2024,583.5
5/13/2024,585
5/10/2024,582.5
5/9/2024,576
5/8/2024,579
5/7/2024,584
5/2/2024,586
5/1/2024,583.5
4/30/2024,587.5
4/29/2024,587
4/26/2024,579.5
4/25/2024,579.5
4/24/2024,579.5
4/23/2024,581
4/22/2024,579.5
4/19/2024,579
4/18/2024,578.5
4/17/2024,578.5
4/16/2024,582.5
4/15/2024,584
4/12/2024,578.5
4/11/2024,580.5
4/10/2024,582
4/9/2024,580.5
4/8/2024,581
4/5/2024,580
4/4/2024,585
4/3/2024,588.5
4/2/2024,596
3/28/2024,600
3/27/2024,588.5
3/26/2024,584.5
3/25/2024,583
3/22/2024,583
3/21/2024,583
3/20/2024,583.5
3/19/2024,582
3/18/2024,573
3/15/2024,576.5
3/14/2024,574
3/13/2024,580.5
3/12/2024,574
3/11/2024,574
3/8/2024,578.5
3/7/2024,577
3/6/2024,580.5
3/5/2024,569
3/4/2024,578.5
3/1/2024,585
2/29/2024,589
2/28/2024,605
2/27/2024,607
2/26/2024,605.5
2/23/2024,610
2/22/2024,605
2/21/2024,606.5
2/20/2024,607
2/19/2024,608.5
2/16/2024,609.5
2/15/2024,605.5
2/14/2024,606.5
2/13/2024,608
2/12/2024,607
2/9/2024,606.5
2/8/2024,613
2/7/2024,610
2/6/2024,613.5
2/5/2024,616
2/2/2024,615
2/1/2024,619.5
1/31/2024,620
1/30/2024,608.5
1/29/2024,613
1/26/2024,608.5
1/25/2024,610
1/24/2024,613
1/23/2024,610
1/22/2024,606
1/19/2024,602
1/18/2024,605.5
1/17/2024,605
1/16/2024,599.5
1/15/2024,601
1/12/2024,598
1/11/2024,602.5
1/10/2024,599
1/9/2024,600
1/8/2024,602
1/5/2024,594.5
1/4/2024,596
1/3/2024,595
1/2/2024,597.5
12/29/2023,600
12/28/2023,604
12/27/2023,601.5
12/22/2023,598
12/21/2023,599.5
12/20/2023,604.5
12/19/2023,600.5
12/18/2023,604.5
12/15/2023,600
12/14/2023,605
12/13/2023,604.5
12/12/2023,605
12/11/2023,607
12/8/2023,609
12/7/2023,608
12/6/2023,608
12/5/2023,599
12/4/2023,603
12/1/2023,599
11/30/2023,594
11/29/2023,573
11/28/2023,568.5
11/27/2023,568.5
11/24/2023,569.5
11/23/2023,570
11/22/2023,570
11/21/2023,566
11/20/2023,566
11/17/2023,566
11/16/2023,566
11/15/2023,565.5
11/14/2023,569
11/13/2023,565
11/10/2023,567
11/9/2023,565
11/8/2023,569
11/7/2023,567
11/6/2023,562
11/3/2023,559.5
11/2/2023,560
11/1/2023,565
10/31/2023,566
10/30/2023,555
10/27/2023,561
10/26/2023,559
10/25/2023,555
10/24/2023,553
10/23/2023,554.5
10/20/2023,557
10/19/2023,558
10/18/2023,560
10/17/2023,556.5
10/16/2023,560.5
10/13/2023,560
10/12/2023,562
10/11/2023,567
10/10/2023,567
10/9/2023,573
10/6/2023,571
10/5/2023,569.5
10/4/2023,572
10/3/2023,570
10/2/2023,569
9/29/2023,573
9/28/2023,565
9/27/2023,566.5
9/26/2023,562
9/25/2023,560
9/22/2023,570
9/21/2023,567
9/20/2023,567
9/19/2023,566
9/18/2023,565
9/15/2023,572.5
9/14/2023,570.5
9/13/2023,570
9/12/2023,572
9/11/2023,565
9/8/2023,560.5
9/7/2023,560.5
9/6/2023,559.5
9/5/2023,562
9/4/2023,559.5
9/1/2023,559
8/31/2023,564.5
8/30/2023,568.5
8/29/2023,558.5
8/25/2023,561
8/24/2023,556
8/23/2023,561
8/22/2023,558.5
8/21/2023,560.5
8/18/2023,562.5
8/17/2023,564
8/16/2023,564
8/15/2023,563
8/14/2023,555
8/11/2023,557.5
8/10/2023,555
8/9/2023,555
8/8/2023,550
8/7/2023,554
8/4/2023,548.5
8/3/2023,550
8/2/2023,551.5
8/1/2023,559
7/31/2023,563.5
7/28/2023,580.5
7/27/2023,578.5
7/26/2023,574.5
7/25/2023,578.5
7/24/2023,570
7/21/2023,577
7/20/2023,575.5
7/19/2023,575
7/18/2023,575
7/17/2023,574.5
7/14/2023,579.5
7/13/2023,578
7/12/2023,582.5
7/11/2023,585.5
7/10/2023,586.5
7/7/2023,580
7/6/2023,594.5
7/5/2023,588
7/4/2023,593
7/3/2023,591.5
6/30/2023,592
6/29/2023,619
6/28/2023,620.5
6/27/2023,617.5
6/26/2023,615
6/23/2023,613.5
6/22/2023,614.5
6/21/2023,613.5
6/20/2023,614.5
6/19/2023,607.5
6/16/2023,620
6/15/2023,619.5
6/14/2023,620.5
6/13/2023,620.5
6/12/2023,608
6/9/2023,615.5
6/8/2023,617.5
6/7/2023,611
6/6/2023,615
6/5/2023,614.5
6/2/2023,610.5
6/1/2023,610
5/31/2023,623.18
5/30/2023,621.5
5/26/2023,625
5/25/2023,620
5/24/2023,620
5/23/2023,622
5/22/2023,621.5
5/19/2023,614.5
5/18/2023,617
5/17/2023,632.5
5/16/2023,626
5/15/2023,616
5/12/2023,621
5/11/2023,616
5/10/2023,615
5/9/2023,610
5/5/2023,615
5/4/2023,621
5/3/2023,622.5
5/2/2023,615
4/28/2023,675.42
4/27/2023,676.5
4/26/2023,675
4/25/2023,680
4/24/2023,673
4/21/2023,672
4/20/2023,673
4/19/2023,679
4/18/2023,684
4/17/2023,681.5
4/14/2023,680
4/13/2023,680
4/12/2023,681
4/11/2023,680
4/6/2023,674
4/5/2023,688
4/4/2023,678.5
4/3/2023,682
3/31/2023,726.93
3/30/2023,721.5
3/29/2023,723
3/28/2023,724
3/27/2023,725
3/24/2023,722.5
3/23/2023,720
3/22/2023,720
3/21/2023,725
3/20/2023,724.5
3/17/2023,730
3/16/2023,735
3/15/2023,731
3/14/2023,743
3/13/2023,747
3/10/2023,754
3/9/2023,749
3/8/2023,744
3/7/2023,749
3/6/2023,747
3/3/2023,741.5
3/2/2023,751.5
3/1/2023,759
2/28/2023,706.88
2/27/2023,706
2/24/2023,699
2/23/2023,709
2/22/2023,705
2/21/2023,700
2/20/2023,709
2/17/2023,707.5
2/16/2023,712
2/15/2023,710.5
2/14/2023,707
2/13/2023,709.5
2/10/2023,707
2/9/2023,711
2/8/2023,709
2/7/2023,710
2/6/2023,704
2/3/2023,711
2/2/2023,704.5
2/1/2023,702
1/31/2023,688.74
1/30/2023,688
1/27/2023,690
1/26/2023,691
1/25/2023,691
1/24/2023,685.5
1/23/2023,681
1/20/2023,685
1/19/2023,690.5
1/18/2023,692.5
1/17/2023,685.5
1/16/2023,680
1/13/2023,687.5
1/12/2023,685
1/11/2023,690.5
1/10/2023,691.5
1/9/2023,694.5
1/6/2023,699
1/5/2023,694
1/4/2023,688
1/3/2023,683
12/30/2022,664.93
12/29/2022,665.5
12/28/2022,673
12/23/2022,667
12/22/2022,662.5
12/21/2022,660.5
12/20/2022,661.5
12/19/2022,665
12/16/2022,666.5
12/15/2022,671
12/14/2022,669.5
12/13/2022,668.5
12/12/2022,671
12/9/2022,676.5
12/8/2022,672.5
12/7/2022,675
12/6/2022,674
12/5/2022,673
12/2/2022,672.5
12/1/2022,661.5
11/30/2022,636.89
11/29/2022,639.5
11/28/2022,638
11/25/2022,634.5
11/24/2022,632.5
11/23/2022,633.5
11/22/2022,634.5
11/21/2022,636
11/18/2022,634.5
11/17/2022,636.5
11/16/2022,634
11/15/2022,636
11/14/2022,639
11/11/2022,635.5
11/10/2022,634.5
11/9/2022,633.5
11/8/2022,630
11/7/2022,626.5
11/4/2022,633
11/3/2022,632
11/2/2022,640
11/1/2022,637
10/31/2022,678.14
10/28/2022,675
10/27/2022,674
10/26/2022,670
10/25/2022,670
10/24/2022,680.5
10/21/2022,675
10/20/2022,676
10/19/2022,677.5
10/18/2022,679
10/17/2022,680
10/14/2022,683
10/13/2022,685
10/12/2022,688.56
10/11/2022,691.5
10/10/2022,688
10/7/2022,686
10/6/2022,690
10/5/2022,685
10/4/2022,690
10/3/2022,690
9/30/2022,672.74
9/29/2022,671
9/28/2022,672.5
9/27/2022,673
9/26/2022,670.5
9/23/2022,672
9/22/2022,671
9/21/2022,669
9/20/2022,666
9/19/2022,665
9/16/2022,665
9/15/2022,663
9/14/2022,664
9/13/2022,660
9/12/2022,670
9/9/2022,674.5
9/7/2022,675
9/6/2022,668
9/5/2022,669.5
9/2/2022,670
9/1/2022,655
8/31/2022,643.64
8/30/2022,644
8/26/2022,643
8/25/2022,645
8/24/2022,645.5
8/23/2022,638.5
8/22/2022,641
8/19/2022,642
8/18/2022,645
8/17/2022,640.5
8/16/2022,645
8/15/2022,645
8/12/2022,660
8/11/2022,652.5
8/10/2022,659
8/9/2022,660.5
8/8/2022,650
8/5/2022,641
8/4/2022,631.5
8/3/2022,637
8/2/2022,625
8/1/2022,628.5
7/29/2022,680.71
7/28/2022,682.5
7/27/2022,682.5
7/26/2022,685
7/25/2022,682.5
7/22/2022,682.5
7/21/2022,682.5
7/20/2022,682.5
7/19/2022,682.5
7/18/2022,682.5
7/15/2022,682.5
7/14/2022,682.5
7/13/2022,682.5
7/12/2022,682.5
7/11/2022,680
7/8/2022,685
7/7/2022,692.5
7/6/2022,685
7/5/2022,675
7/4/2022,675
7/1/2022,669
6/30/2022,692.38
6/29/2022,692.5
6/28/2022,689.5
6/27/2022,687
6/24/2022,678.5
6/23/2022,684.5
6/22/2022,684
6/21/2022,692.5
6/20/2022,688
6/17/2022,692.5
6/16/2022,698
6/15/2022,700.5
6/14/2022,708
6/13/2022,715
6/10/2022,715
6/9/2022,725
6/8/2022,730.5
6/7/2022,740
6/6/2022,740
6/1/2022,740
5/31/2022,803.21
5/30/2022,804.5
5/27/2022,804.5
5/26/2022,805
5/25/2022,806
5/24/2022,800
5/23/2022,800
5/20/2022,790
5/19/2022,795
5/18/2022,802.5
5/17/2022,802.5
5/16/2022,804.5
5/13/2022,801
5/12/2022,799.5
5/11/2022,814.5
5/10/2022,815.5
5/9/2022,822
5/6/2022,840
5/5/2022,860.5
5/4/2022,850
5/3/2022,839.5
4/29/2022,935.79
4/28/2022,935.5
4/27/2022,935
4/26/2022,935
4/25/2022,930
4/22/2022,934
4/21/2022,936.5
4/20/2022,944.5
4/19/2022,950
4/14/2022,942.5
4/13/2022,938
4/12/2022,943
4/11/2022,942.5
4/8/2022,942.5
4/7/2022,942.5
4/6/2022,942
4/5/2022,942
4/4/2022,942
4/1/2022,942
3/31/2022,925.33
3/30/2022,924
3/29/2022,922.5
3/28/2022,924.5
3/25/2022,926.5
3/24/2022,925
3/23/2022,926
3/22/2022,920
3/21/2022,925
3/18/2022,920
3/17/2022,925
3/16/2022,928.5
3/15/2022,925
3/14/2022,899
3/11/2022,925.5
3/10/2022,920
3/9/2022,950
3/8/2022,940
3/7/2022,850
3/4/2022,837.5
3/3/2022,837.5
3/2/2022,835
3/1/2022,835
2/28/2022,737.78
2/25/2022,739
2/24/2022,742
2/23/2022,740
2/22/2022,737.5
2/21/2022,743.5
2/18/2022,742.5
2/17/2022,741
2/16/2022,742.5
2/15/2022,737
2/14/2022,742.5
2/11/2022,745.5
2/10/2022,748
2/9/2022,745
2/8/2022,746.5
2/7/2022,750
2/4/2022,737
2/3/2022,739
2/2/2022,748
2/1/2022,729
1/31/2022,701.45
1/28/2022,702
1/27/2022,701
1/26/2022,695
1/25/2022,701.5
1/24/2022,697
1/21/2022,703.5
1/20/2022,705
1/19/2022,699.5
1/18/2022,705.5
1/17/2022,695.5
1/14/2022,700
1/13/2022,696
1/12/2022,708
1/11/2022,712.5
1/10/2022,707
1/7/2022,715
1/6/2022,707.5
1/5/2022,705
1/4/2022,689
12/31/2021,699.36
12/30/2021,698.5
12/29/2021,698
12/24/2021,696.5
12/23/2021,698
12/22/2021,696
12/21/2021,695
12/20/2021,691.5
12/17/2021,698
12/16/2021,692
12/15/2021,696.5
12/14/2021,694.5
12/13/2021,701
12/10/2021,697
12/9/2021,703
12/8/2021,707.5
12/7/2021,712.5
12/6/2021,703.5
12/3/2021,685.5
12/2/2021,690
12/1/2021,703
11/30/2021,728.75
11/29/2021,728
11/26/2021,728.5
11/25/2021,730.5
11/24/2021,726
11/23/2021,726
11/22/2021,722
11/19/2021,729
11/18/2021,717
11/17/2021,722
11/16/2021,706
11/15/2021,722
11/12/2021,712
11/11/2021,730
11/10/2021,717
11/9/2021,718
11/8/2021,731
11/5/2021,738
11/4/2021,733
11/3/2021,732
11/2/2021,731.5
11/1/2021,722.5
10/29/2021,709.17
10/28/2021,710
10/27/2021,710
10/26/2021,710
10/25/2021,714
10/22/2021,727.5
10/21/2021,714.5
10/20/2021,714.5
10/19/2021,714.5
10/18/2021,711.5
10/15/2021,711.5
10/14/2021,714
10/13/2021,714
10/12/2021,707
10/11/2021,712
10/8/2021,700
10/7/2021,700
10/6/2021,691.5
10/5/2021,700
10/4/2021,690.5
10/1/2021,681
9/30/2021,665.32
9/29/2021,665
9/28/2021,665
9/27/2021,670
9/24/2021,668
9/23/2021,667
9/22/2021,674
9/21/2021,667.5
9/20/2021,661
9/17/2021,669
9/16/2021,660
9/15/2021,660
9/14/2021,664
9/13/2021,679
9/10/2021,685
9/9/2021,676.5
9/8/2021,667.5
9/7/2021,668.5
9/6/2021,671.5
9/3/2021,671.5
9/2/2021,668
9/1/2021,671.5
8/31/2021,688.07
8/27/2021,687.5
8/26/2021,688
8/25/2021,690
8/24/2021,690
8/23/2021,690
8/20/2021,692.5
8/19/2021,692.5
8/18/2021,692.5
8/17/2021,692.5
8/16/2021,692.5
8/13/2021,696.5
8/12/2021,696.5
8/11/2021,696.5
8/10/2021,694.5
8/9/2021,698
8/6/2021,694.5
8/5/2021,706
8/4/2021,710
8/3/2021,708.5
8/2/2021,719
7/30/2021,720.57
7/29/2021,723
7/28/2021,722.5
7/27/2021,724
7/26/2021,724
7/23/2021,726.5
7/22/2021,731.5
7/21/2021,729
7/20/2021,725
7/19/2021,726
7/16/2021,724
7/15/2021,727
7/14/2021,727
7/13/2021,727
7/12/2021,753
7/9/2021,736.5
7/8/2021,740
7/7/2021,745
7/6/2021,742
7/5/2021,741.5
7/2/2021,736
7/1/2021,737.5
6/30/2021,726.48
6/29/2021,730
6/28/2021,735
6/25/2021,738
6/24/2021,725
6/23/2021,725
6/22/2021,725
6/21/2021,725
6/18/2021,725
6/17/2021,725
6/16/2021,725
6/15/2021,720
6/14/2021,715
6/11/2021,715
6/10/2021,715
6/9/2021,715
6/8/2021,715
6/7/2021,715
6/4/2021,755
6/3/2021,755
6/2/2021,755
6/1/2021,755
5/28/2021,744.21
5/27/2021,744
5/26/2021,746
5/25/2021,745
5/24/2021,748.5
5/21/2021,742
5/20/2021,752
5/19/2021,756
5/18/2021,771.5
5/17/2021,769.5
5/14/2021,775
5/13/2021,780.5
5/12/2021,794
5/11/2021,750
5/10/2021,750
5/7/2021,710
5/6/2021,730
5/5/2021,710
5/4/2021,696.5
4/30/2021,639.28
4/29/2021,642.5
4/28/2021,640
4/27/2021,641
4/26/2021,639.5
4/23/2021,637.5
4/22/2021,638
4/21/2021,637.5
4/20/2021,637.5
4/19/2021,637.5
4/16/2021,641
4/15/2021,636.5
4/14/2021,639
4/13/2021,635
4/12/2021,636
4/9/2021,639.5
4/8/2021,636
4/7/2021,641
4/6/2021,650
4/1/2021,643
3/31/2021,628.22
3/30/2021,632
3/29/2021,633
3/26/2021,631
3/25/2021,626
3/24/2021,626.5
3/23/2021,626.5
3/22/2021,622
3/19/2021,624.5
3/18/2021,628.5
3/17/2021,627.5
3/16/2021,632
3/15/2021,634
3/12/2021,629
3/11/2021,630.5
3/10/2021,630.5
3/9/2021,638
3/8/2021,641
3/5/2021,643.5
3/4/2021,648
3/3/2021,650
3/2/2021,652
3/1/2021,656.5
2/26/2021,605.43
2/25/2021,607.5
2/24/2021,609
2/23/2021,610
2/22/2021,602.5
2/19/2021,604
2/18/2021,604
2/17/2021,606
2/16/2021,615
2/15/2021,614
2/12/2021,607
2/11/2021,601.5
2/10/2021,599
2/9/2021,598
2/8/2021,600
2/5/2021,597.5
2/4/2021,598
2/3/2021,580
2/2/2021,579.5
2/1/2021,563
1/29/2021,629.6
1/28/2021,631
1/27/2021,631
1/26/2021,633
1/25/2021,635
1/22/2021,632
1/21/2021,634
1/20/2021,631.5
1/19/2021,637
1/18/2021,640
1/15/2021,638
1/14/2021,643.5
1/13/2021,634
1/12/2021,633.5
1/11/2021,646.5
1/8/2021,660
1/7/2021,658
1/6/2021,651
1/5/2021,662
1/4/2021,656
